# Generated by DDG
v -0.061613 0.171053 -0.061961
v -0.062024 0.175442 -0.061688
v -0.064637 0.174099 -0.061146
v -0.061237 0.174868 -0.061046
v -0.060791 0.171068 -0.060946
v -0.065527 0.177112 -0.060717
v -0.063393 0.178218 -0.060712
v -0.063061 0.166492 -0.060656
v -0.061542 0.166478 -0.060299
v -0.065000 0.167558 -0.060107
v -0.064970 0.180085 -0.059990
v -0.067204 0.179666 -0.059606
v -0.062917 0.163416 -0.059358
v -0.066329 0.173073 -0.059211
v -0.062784 0.178341 -0.059086
v -0.060985 0.168593 -0.058997
v -0.063857 0.179630 -0.058889
v -0.065272 0.162882 -0.058794
v -0.061651 0.164896 -0.058551
v -0.068413 0.177756 -0.058526
v -0.067854 0.181008 -0.058146
v -0.066781 0.163344 -0.057670
v -0.064686 0.160699 -0.057491
v -0.066649 0.160335 -0.057011
v -0.063538 0.160392 -0.056790
v -0.062041 0.175059 -0.056569
v -0.071445 0.180726 -0.056354
v -0.070039 0.181421 -0.056251
v -0.067562 0.167998 -0.055845
v -0.062530 0.162411 -0.055811
v -0.072532 0.179128 -0.055476
v -0.061559 0.169493 -0.055204
v -0.067601 0.180803 -0.055125
v -0.063739 0.159339 -0.054945
v -0.068220 0.158952 -0.054863
v -0.064066 0.177262 -0.054849
v -0.066697 0.157413 -0.054531
v -0.073480 0.180801 -0.054020
v -0.074539 0.178094 -0.053512
v -0.070516 0.173278 -0.053379
v -0.070905 0.181180 -0.053287
v -0.069204 0.169610 -0.053259
v -0.072920 0.175708 -0.052758
v -0.075404 0.179213 -0.052725
v -0.068307 0.156074 -0.052632
v -0.065237 0.156552 -0.052334
v -0.062002 0.166720 -0.052089
v -0.063890 0.158942 -0.051957
v -0.066804 0.155129 -0.051756
v -0.076638 0.177179 -0.051727
v -0.067589 0.178048 -0.051279
v -0.069526 0.156375 -0.051224
v -0.076415 0.179041 -0.050519
v -0.062792 0.170580 -0.050325
v -0.066294 0.154183 -0.050230
v -0.073818 0.180026 -0.050166
v -0.062485 0.162793 -0.050071
v -0.077929 0.177397 -0.050007
v -0.069620 0.161161 -0.049858
v -0.077607 0.175771 -0.049849
v -0.073687 0.173374 -0.049612
v -0.069732 0.153846 -0.049600
v -0.071366 0.169069 -0.048901
v -0.065047 0.173521 -0.048862
v -0.070489 0.165199 -0.048258
v -0.068501 0.152737 -0.047991
v -0.078590 0.175364 -0.047898
v -0.062387 0.167243 -0.047801
v -0.070847 0.177596 -0.047782
v -0.077836 0.173869 -0.047489
v -0.066578 0.152907 -0.047418
v -0.070798 0.154353 -0.047253
v -0.077608 0.176856 -0.046548
v -0.074185 0.177800 -0.046361
v -0.074052 0.170765 -0.046259
v -0.066794 0.173629 -0.045998
v -0.063566 0.158682 -0.045951
v -0.062550 0.162139 -0.045829
v -0.070821 0.152065 -0.045618
v -0.078499 0.172649 -0.045602
v -0.067057 0.151852 -0.045370
v -0.075095 0.170163 -0.044697
v -0.078971 0.172931 -0.044540
v -0.071731 0.152538 -0.044222
v -0.062760 0.166961 -0.044018
v -0.071394 0.175598 -0.043793
v -0.070938 0.158461 -0.043788
v -0.078795 0.173534 -0.043716
v -0.071310 0.150680 -0.043572
v -0.064580 0.169958 -0.043434
v -0.078298 0.170677 -0.043261
v -0.073259 0.167130 -0.042984
v -0.077521 0.174752 -0.042946
v -0.068068 0.150558 -0.042337
v -0.062181 0.163186 -0.042249
v -0.065164 0.154078 -0.042193
v -0.071960 0.162461 -0.041974
v -0.079311 0.170260 -0.041104
v -0.062519 0.159555 -0.040856
v -0.074702 0.166941 -0.040829
v -0.074851 0.174847 -0.040818
v -0.077773 0.173181 -0.040572
v -0.072062 0.149863 -0.040501
v -0.078950 0.171435 -0.040187
v -0.072710 0.151274 -0.040120
v -0.078768 0.168793 -0.040111
v -0.069892 0.149333 -0.039871
v -0.065429 0.169736 -0.039787
v -0.071823 0.156129 -0.039425
v -0.014679 0.080905 -0.039415
v -0.062168 0.163735 -0.039172
v -0.016700 0.085224 -0.039099
v -0.020453 0.074056 -0.039094
v -0.019478 0.081034 -0.039088
v -0.015491 0.073625 -0.038979
v -0.021772 0.081451 -0.038950
v -0.073293 0.163291 -0.038595
v -0.012146 0.086919 -0.038510
v -0.072350 0.173608 -0.038467
v -0.014137 0.077728 -0.038412
v -0.068188 0.171688 -0.038399
v -0.023539 0.075036 -0.038384
v -0.017547 0.087701 -0.038359
v -0.067113 0.150261 -0.038339
v -0.011586 0.075628 -0.038284
v -0.021961 0.070863 -0.038184
v -0.063868 0.167329 -0.038087
v -0.011717 0.070905 -0.038039
v -0.063960 0.154104 -0.038029
v -0.008716 0.085128 -0.038027
v -0.079376 0.168351 -0.037976
v -0.008763 0.082712 -0.037930
v -0.016567 0.066191 -0.037914
v -0.022145 0.086092 -0.037909
v -0.005949 0.078041 -0.037871
v -0.008571 0.077469 -0.037780
v -0.004198 0.083671 -0.037740
v -0.024609 0.077338 -0.037717
v -0.074632 0.164520 -0.037566
v -0.008841 0.072717 -0.037551
v -0.013904 0.066194 -0.037305
v -0.019724 0.066252 -0.037246
v -0.010058 0.087512 -0.037245
v -0.006766 0.075282 -0.037240
v -0.003905 0.080668 -0.037127
v -0.014514 0.063426 -0.037125
v -0.002237 0.085063 -0.037029
v -0.026981 0.081449 -0.037006
v -0.078042 0.166359 -0.036929
v -0.000619 0.082317 -0.036587
v -0.008681 0.070345 -0.036545
v -0.012431 0.091171 -0.036545
v -0.078113 0.170668 -0.036480
v -0.017314 0.091297 -0.036478
v -0.013415 0.060548 -0.036208
v -0.009531 0.091459 -0.036151
v -0.020126 0.064378 -0.036143
v -0.026433 0.086796 -0.036122
v -0.074641 0.172548 -0.036067
v -0.005347 0.068986 -0.035971
v -0.027222 0.074761 -0.035957
v -0.003010 0.088259 -0.035929
v -0.009726 0.063159 -0.035872
v -0.003173 0.073328 -0.035860
v -0.000546 0.079164 -0.035848
v -0.022750 0.090661 -0.035805
v -0.008836 0.066630 -0.035638
v -0.079137 0.166665 -0.035553
v -0.028752 0.079665 -0.035405
v -0.016071 0.058504 -0.035398
v -0.062428 0.155938 -0.035375
v -0.004936 0.091923 -0.035368
v -0.072352 0.155975 -0.035328
v -0.071614 0.148529 -0.035327
v -0.028533 0.084555 -0.035289
v -0.003756 0.062566 -0.035187
v 0.001780 0.072819 -0.035129
v -0.012627 0.093438 -0.035114
v 0.003631 0.076134 -0.035051
v -0.022567 0.064608 -0.035032
v -0.005264 0.066282 -0.035015
v -0.027534 0.072012 -0.034928
v -0.005442 0.060284 -0.034860
v -0.065207 0.150847 -0.034845
v -0.078845 0.168627 -0.034819
v 0.002711 0.083259 -0.034672
v -0.001097 0.091441 -0.034648
v -0.026029 0.089699 -0.034564
v -0.000913 0.063632 -0.034422
v 0.001313 0.064698 -0.034422
v -0.018544 0.093616 -0.034366
v -0.001517 0.068630 -0.034279
v -0.011778 0.057228 -0.034230
v -0.074042 0.150123 -0.034125
v -0.078764 0.165245 -0.034091
v 0.002338 0.086641 -0.034073
v 0.004696 0.080168 -0.034069
v 0.007984 0.076212 -0.034046
v 0.005423 0.070976 -0.034032
v -0.069868 0.171380 -0.033895
v -0.013253 0.055426 -0.033893
v -0.076665 0.170699 -0.033878
v -0.061558 0.160285 -0.033799
v -0.067306 0.148731 -0.033731
v -0.023301 0.092727 -0.033724
v -0.015471 0.094400 -0.033723
v -0.007890 0.094663 -0.033709
v 0.006402 0.082570 -0.033689
v -0.075130 0.162599 -0.033675
v -0.010278 0.053157 -0.033616
v 0.004292 0.088100 -0.033606
v -0.021542 0.059261 -0.033476
v -0.030622 0.076424 -0.033420
v -0.027341 0.069104 -0.033420
v 0.002251 0.068636 -0.033330
v -0.006870 0.057106 -0.033321
v 0.002066 0.061006 -0.033266
v -0.062716 0.164192 -0.033211
v 0.009400 0.075440 -0.033137
v 0.008226 0.071238 -0.033105
v 0.008688 0.080031 -0.033088
v -0.003987 0.057284 -0.033071
v 0.006664 0.089455 -0.033071
v -0.025108 0.064724 -0.032874
v -0.073815 0.160316 -0.032854
v -0.062815 0.153405 -0.032807
v 0.006019 0.064964 -0.032699
v 0.006080 0.068221 -0.032599
v 0.008041 0.084369 -0.032593
v 0.002881 0.092922 -0.032537
v -0.006435 0.052532 -0.032466
v -0.001019 0.057149 -0.032369
v -0.065841 0.168500 -0.032305
v 0.010445 0.071193 -0.032223
v -0.020475 0.094586 -0.032192
v -0.073057 0.154606 -0.032171
v -0.003345 0.095953 -0.032067
v -0.019235 0.054262 -0.032056
v -0.031469 0.080149 -0.031974
v 0.005644 0.093305 -0.031923
v -0.029311 0.088241 -0.031875
v -0.015869 0.051195 -0.031827
v 0.002328 0.056129 -0.031781
v 0.000869 0.095142 -0.031754
v -0.012153 0.050566 -0.031592
v -0.070256 0.147789 -0.031495
v 0.010012 0.063987 -0.031483
v -0.003445 0.052019 -0.031478
v 0.012526 0.079356 -0.031407
v -0.010863 0.096680 -0.031312
v 0.013611 0.069220 -0.031307
v -0.034940 0.035341 -0.031212
v 0.010772 0.088544 -0.031196
v -0.074385 0.149835 -0.031170
v -0.029666 0.070767 -0.031166
v -0.016444 0.096000 -0.031152
v -0.032241 0.077429 -0.031084
v -0.073287 0.171118 -0.030972
v -0.030951 0.084314 -0.030930
v -0.078956 0.164960 -0.030904
v 0.011516 0.083623 -0.030882
v 0.011925 0.075728 -0.030877
v 0.014588 0.071692 -0.030830
v 0.004761 0.056653 -0.030818
v -0.005849 0.049505 -0.030784
v -0.026709 0.092248 -0.030775
v 0.010593 0.067871 -0.030774
v 0.005891 0.060230 -0.030764
v 0.007685 0.055213 -0.030756
v 0.013308 0.087880 -0.030690
v -0.026014 0.060300 -0.030686
v -0.033996 0.036833 -0.030639
v -0.031145 0.035009 -0.030544
v -0.031950 0.037684 -0.030522
v -0.036320 0.033823 -0.030511
v 0.001371 0.049839 -0.030495
v 0.000289 0.053483 -0.030479
v 0.008931 0.092584 -0.030462
v -0.073086 0.148509 -0.030420
v -0.037207 0.034857 -0.030341
v -0.001077 0.048601 -0.030330
v 0.008603 0.053809 -0.030315
v -0.028224 0.067056 -0.030289
v -0.061929 0.154884 -0.030227
v -0.073406 0.157654 -0.030197
v 0.013965 0.082654 -0.030159
v 0.014704 0.066598 -0.030147
v -0.006199 0.097222 -0.030107
v 0.005177 0.095397 -0.030098
v -0.078113 0.167206 -0.030008
v -0.078310 0.162843 -0.029888
v 0.014456 0.063693 -0.029873
v 0.003696 0.052695 -0.029847
v -0.029947 0.041872 -0.029794
v -0.074605 0.151429 -0.029747
v 0.016907 0.069601 -0.029746
v -0.023013 0.094826 -0.029737
v -0.011305 0.180626 -0.029650
v -0.032917 0.033568 -0.029630
v -0.038193 0.033738 -0.029617
v 0.011135 0.060711 -0.029597
v -0.013235 0.046679 -0.029573
v -0.034604 0.041704 -0.029570
v 0.015451 0.075340 -0.029568
v -0.040029 0.033988 -0.029546
v -0.067815 0.147592 -0.029535
v -0.007801 0.045920 -0.029518
v -0.009919 0.179105 -0.029517
v -0.011417 0.177293 -0.029455
v -0.019870 0.048869 -0.029412
v 0.013256 0.055651 -0.029344
v -0.032628 0.082773 -0.029321
v -0.039186 0.035600 -0.029309
v -0.027121 0.034412 -0.029275
v -0.010127 0.046114 -0.029271
v -0.074528 0.149474 -0.029214
v -0.026017 0.036739 -0.029213
v -0.025131 0.056232 -0.029195
v -0.064972 0.148788 -0.029184
v 0.013128 0.091777 -0.029139
v -0.030348 0.033476 -0.029046
v -0.031847 0.074858 -0.029028
v -0.005239 0.045618 -0.029008
v 0.005377 0.050332 -0.028993
v -0.037425 0.039991 -0.028939
v -0.025958 0.035004 -0.028902
v -0.009379 0.174923 -0.028874
v -0.071978 0.147618 -0.028866
v -0.001678 0.046542 -0.028842
v -0.020553 0.041618 -0.028786
v 0.003474 0.047234 -0.028716
v -0.023126 0.036404 -0.028692
v 0.020033 0.069324 -0.028655
v -0.030914 0.044399 -0.028649
v 0.016920 0.056761 -0.028531
v 0.017269 0.085973 -0.028482
v -0.032746 0.077031 -0.028470
v -0.061628 0.160248 -0.028451
v -0.025654 0.044360 -0.028439
v -0.030367 0.069185 -0.028431
v -0.035711 0.043281 -0.028272
v -0.011770 0.174659 -0.028246
v 0.015999 0.060274 -0.028245
v -0.028399 0.062120 -0.028240
v 0.018834 0.064343 -0.028232
v 0.018435 0.080178 -0.028172
v -0.016766 0.045444 -0.028158
v -0.014057 0.182618 -0.028112
v -0.010990 0.182105 -0.028083
v -0.041759 0.033975 -0.028000
v 0.017882 0.054336 -0.027984
v -0.075270 0.159659 -0.027984
v 0.016198 0.089739 -0.027899
v -0.020829 0.046555 -0.027898
v -0.021914 0.045860 -0.027845
v -0.035393 0.033578 -0.027842
v 0.010414 0.048902 -0.027810
v -0.025612 0.054384 -0.027772
v 0.000206 0.097945 -0.027676
v 0.014119 0.052477 -0.027675
v 0.007035 0.048312 -0.027636
v -0.019791 0.034699 -0.027622
v -0.017450 0.044178 -0.027622
v -0.029914 0.065023 -0.027611
v -0.009826 0.172022 -0.027559
v -0.075409 0.168834 -0.027513
v -0.013553 0.184310 -0.027486
v 0.019875 0.054610 -0.027483
v 0.021017 0.072346 -0.027466
v -0.026912 0.057137 -0.027431
v -0.023270 0.048097 -0.027399
v -0.008623 0.174747 -0.027338
v -0.042736 0.035781 -0.027311
v -0.032725 0.045501 -0.027285
v -0.033628 0.076606 -0.027230
v 0.021982 0.066686 -0.027173
v -0.010414 0.179845 -0.027163
v -0.017504 0.035785 -0.027048
v -0.028953 0.091752 -0.027033
v 0.020435 0.076719 -0.027003
v -0.015378 0.178544 -0.026870
v -0.015905 0.036926 -0.026807
v 0.014374 0.049445 -0.026807
v -0.069513 0.169186 -0.026799
v -0.072339 0.169805 -0.026780
v -0.042205 0.038004 -0.026756
v -0.013890 0.043540 -0.026733
v -0.031401 0.087721 -0.026711
v -0.071153 0.147248 -0.026645
v 0.005859 0.097223 -0.026617
v -0.012573 0.040132 -0.026578
v -0.008652 0.172078 -0.026573
v 0.016130 0.051506 -0.026513
v -0.012329 0.183876 -0.026482
v -0.027398 0.033482 -0.026419
v -0.039693 0.041396 -0.026416
v -0.062483 0.151630 -0.026394
v -0.000556 0.044822 -0.026348
v -0.061416 0.157322 -0.026294
v -0.043616 0.034379 -0.026280
v -0.026218 0.047460 -0.026237
v 0.011761 0.095584 -0.026233
v -0.074231 0.157293 -0.026173
v -0.064977 0.165569 -0.026149
v 0.022406 0.079324 -0.026112
v 0.018950 0.089725 -0.026110
v -0.009802 0.043289 -0.026045
v 0.005143 0.045231 -0.026000
v 0.021847 0.062068 -0.025983
v -0.015579 0.034818 -0.025969
v -0.078199 0.160977 -0.025952
v -0.073735 0.154825 -0.025940
v 0.023901 0.074284 -0.025933
v 0.013422 0.094659 -0.025929
v -0.006619 0.039887 -0.025918
v 0.022339 0.054332 -0.025881
v -0.004154 0.043408 -0.025872
v -0.027659 0.093688 -0.025872
v -0.032593 0.086116 -0.025791
v 0.023188 0.058513 -0.025769
v -0.022754 0.033552 -0.025764
v 0.022931 0.083948 -0.025746
v -0.026520 0.049394 -0.025693
v 0.023886 0.069137 -0.025662
v -0.036712 0.045300 -0.025593
v 0.020398 0.051841 -0.025591
v 0.008494 0.046023 -0.025586
v -0.015860 0.185153 -0.025575
v -0.009535 0.169856 -0.025551
v -0.012543 0.034857 -0.025519
v -0.010487 0.036209 -0.025496
v -0.003904 0.041984 -0.025476
v -0.033550 0.074532 -0.025465
v -0.063885 0.148738 -0.025437
v -0.017877 0.097642 -0.025425
v -0.040350 0.033520 -0.025378
v -0.012610 0.171024 -0.025378
v -0.032644 0.087548 -0.025324
v -0.006289 0.099528 -0.025313
v -0.033737 0.083371 -0.025269
v -0.042966 0.038701 -0.025269
v -0.014127 0.185235 -0.025232
v -0.078424 0.162214 -0.025198
v -0.024653 0.095678 -0.025184
v -0.000865 0.038479 -0.025132
v 0.013867 0.046905 -0.025085
v -0.001248 0.043414 -0.025068
v -0.075106 0.150001 -0.025053
v 0.011063 0.043873 -0.024948
v -0.029531 0.092582 -0.024915
v -0.018731 0.033526 -0.024855
v -0.012360 0.099069 -0.024851
v -0.022420 0.096656 -0.024831
v -0.003525 0.036276 -0.024820
v -0.030984 0.066024 -0.024723
v 0.003337 0.043267 -0.024707
v -0.007491 0.034980 -0.024676
v -0.027703 0.052794 -0.024655
v 0.022632 0.087389 -0.024571
v 0.025205 0.082860 -0.024511
v -0.018127 0.182386 -0.024503
v -0.066607 0.146570 -0.024488
v 0.000727 0.036082 -0.024422
v -0.015774 0.098607 -0.024419
v -0.035012 0.085633 -0.024374
v -0.020853 0.098399 -0.024363
v 0.017298 0.049401 -0.024344
v 0.002381 0.041967 -0.024328
v 0.004208 0.038282 -0.024308
v -0.030023 0.094493 -0.024266
v -0.027961 0.048793 -0.024251
v -0.011162 0.100226 -0.024213
v 0.014184 0.043346 -0.024209
v -0.035945 0.088260 -0.024179
v -0.035907 0.046492 -0.024161
v -0.029636 0.062855 -0.024158
v -0.006582 0.100053 -0.024116
v -0.012370 0.102521 -0.024116
v 0.025023 0.058201 -0.024031
v -0.031971 0.069714 -0.024030
v -0.009098 0.169019 -0.024019
v 0.015214 0.095479 -0.023999
v -0.025707 0.099972 -0.023953
v -0.018516 0.176642 -0.023938
v 0.027111 0.073470 -0.023931
v -0.015280 0.186597 -0.023930
v -0.003181 0.034831 -0.023902
v -0.001421 0.099943 -0.023894
v -0.016828 0.173399 -0.023891
v -0.062312 0.160770 -0.023887
v -0.018314 0.101651 -0.023808
v 0.025737 0.068606 -0.023787
v -0.069422 0.145867 -0.023786
v -0.077120 0.165160 -0.023763
v -0.071893 0.146921 -0.023742
v 0.024298 0.064838 -0.023731
v -0.034430 0.077063 -0.023729
v -0.031023 0.048173 -0.023724
v -0.014644 0.099835 -0.023646
v -0.035327 0.094164 -0.023645
v 0.025280 0.086145 -0.023630
v -0.012315 0.179553 -0.023623
v -0.010799 0.033750 -0.023618
v 0.000025 0.034818 -0.023613
v -0.023051 0.103372 -0.023608
v 0.005415 0.036112 -0.023601
v 0.003053 0.099006 -0.023600
v 0.007831 0.041065 -0.023550
v -0.008756 0.170411 -0.023528
v -0.038201 0.089113 -0.023527
v -0.007243 0.102624 -0.023504
v -0.017478 0.185881 -0.023502
v 0.022195 0.050797 -0.023501
v -0.041580 0.041328 -0.023491
v -0.034694 0.079837 -0.023490
v 0.022252 0.091618 -0.023420
v -0.004308 0.103084 -0.023343
v -0.044638 0.035839 -0.023340
v -0.011579 0.168060 -0.023327
v -0.039344 0.093057 -0.023317
v -0.015598 0.102939 -0.023307
v -0.005180 0.101162 -0.023279
v -0.027467 0.103930 -0.023276
v 0.017538 0.045233 -0.023272
v -0.038101 0.045647 -0.023234
v 0.011612 0.040489 -0.023226
v -0.028620 0.049678 -0.023217
v -0.061621 0.154797 -0.023116
v 0.011681 0.098145 -0.023108
v 0.018007 0.047848 -0.023066
v -0.007762 0.033810 -0.023056
v -0.028886 0.057781 -0.023007
v 0.010572 0.037542 -0.022997
v 0.018798 0.096359 -0.022996
v -0.061594 0.158021 -0.022986
v -0.031206 0.098448 -0.022956
v -0.067326 0.166275 -0.022931
v 0.023712 0.052154 -0.022877
v 0.000698 0.100868 -0.022850
v 0.026745 0.061017 -0.022728
v -0.005637 0.105755 -0.022702
v -0.043365 0.091183 -0.022645
v 0.014608 0.100465 -0.022645
v -0.021437 0.105178 -0.022640
v -0.011129 0.106532 -0.022617
v -0.035829 0.084294 -0.022575
v -0.077592 0.158523 -0.022550
v 0.026497 0.089950 -0.022537
v 0.028381 0.069997 -0.022532
v -0.005656 0.109408 -0.022511
v 0.028031 0.078879 -0.022489
v -0.045364 0.034408 -0.022481
v -0.001501 0.104598 -0.022477
v -0.020547 0.180333 -0.022475
v -0.015916 0.105210 -0.022475
v -0.042787 0.095697 -0.022461
v 0.008067 0.099007 -0.022419
v -0.033591 0.072763 -0.022408
v -0.054216 0.089819 -0.022390
v -0.075178 0.166521 -0.022380
v -0.030883 0.103985 -0.022375
v -0.009853 0.167053 -0.022345
v 0.011295 0.036070 -0.022334
v 0.019837 0.099851 -0.022299
v -0.044910 0.038416 -0.022296
v -0.050958 0.096514 -0.022295
v -0.019286 0.107411 -0.022294
v -0.009652 0.172198 -0.022285
v -0.041482 0.044076 -0.022254
v -0.072505 0.167839 -0.022237
v -0.015508 0.169450 -0.022235
v -0.037577 0.086134 -0.022230
v 0.026471 0.065192 -0.022218
v 0.009933 0.100621 -0.022200
v -0.029022 0.033664 -0.022194
v -0.014571 0.183118 -0.022194
v -0.035062 0.101286 -0.022162
v -0.044955 0.089496 -0.022126
v -0.038229 0.083530 -0.022031
v 0.013726 0.102292 -0.022003
v 0.001634 0.104234 -0.021988
v -0.045052 0.094265 -0.021968
v -0.040485 0.097853 -0.021913
v 0.019441 0.043556 -0.021908
v 0.014452 0.038841 -0.021897
v -0.000795 0.033932 -0.021875
v -0.029920 0.105892 -0.021865
v -0.010581 0.108726 -0.021864
v -0.031469 0.066096 -0.021813
v -0.042841 0.087961 -0.021798
v -0.074778 0.155835 -0.021749
v -0.053984 0.099363 -0.021729
v -0.049665 0.090371 -0.021718
v -0.050847 0.093737 -0.021710
v -0.036026 0.080610 -0.021685
v 0.022872 0.095622 -0.021672
v -0.048411 0.101490 -0.021667
v -0.044437 0.033514 -0.021626
v 0.017710 0.102493 -0.021625
v 0.028315 0.084075 -0.021615
v -0.051239 0.086794 -0.021610
v -0.051797 0.082289 -0.021563
v -0.019484 0.033701 -0.021556
v -0.056961 0.094160 -0.021551
v -0.044507 0.098495 -0.021538
v -0.055132 0.096864 -0.021532
v -0.041207 0.087031 -0.021470
v -0.055203 0.085993 -0.021455
v -0.044461 0.084635 -0.021445
v -0.057067 0.083664 -0.021431
v -0.051698 0.101606 -0.021407
v -0.041120 0.101353 -0.021354
v -0.033739 0.033703 -0.021347
v -0.024842 0.033836 -0.021334
v -0.054953 0.080732 -0.021279
v -0.064318 0.147216 -0.021258
v 0.007047 0.101361 -0.021238
v 0.004646 0.034201 -0.021236
v -0.021296 0.172425 -0.021232
v -0.034749 0.077526 -0.021227
v -0.016685 0.187363 -0.021197
v -0.030215 0.060545 -0.021190
v 0.020702 0.047469 -0.021176
v 0.006567 0.104926 -0.021143
v -0.029701 0.054034 -0.021139
v 0.026010 0.055576 -0.021136
v -0.024216 0.108803 -0.021124
v -0.039931 0.045948 -0.021108
v -0.058283 0.088179 -0.021099
v -0.040555 0.083302 -0.021085
v -0.020880 0.183522 -0.021041
v -0.014985 0.033872 -0.020804
v 0.007565 0.034217 -0.020734
v -0.068586 0.145107 -0.020733
v -0.023190 0.177535 -0.020730
v -0.004121 0.111658 -0.020722
v -0.013491 0.175863 -0.020667
v -0.058384 0.096354 -0.020661
v -0.045642 0.038324 -0.020650
v -0.030530 0.049464 -0.020647
v -0.015026 0.108381 -0.020633
v 0.026827 0.051385 -0.020587
v -0.071879 0.145818 -0.020497
v 0.024407 0.098566 -0.020478
v -0.010752 0.165646 -0.020468
v -0.039859 0.104012 -0.020436
v -0.037298 0.104215 -0.020420
v -0.062942 0.149252 -0.020355
v 0.001943 0.107835 -0.020340
v -0.016122 0.185110 -0.020328
v -0.042353 0.106759 -0.020327
v 0.021035 0.046235 -0.020275
v -0.033411 0.106461 -0.020272
v 0.004609 0.109304 -0.020265
v -0.074552 0.153738 -0.020233
v -0.008249 0.112453 -0.020200
v 0.015174 0.036569 -0.020196
v 0.029936 0.082366 -0.020175
v 0.005412 0.112021 -0.020151
v 0.031654 0.076599 -0.020137
v 0.007925 0.107568 -0.020119
v -0.037242 0.033731 -0.020119
v -0.044104 0.080976 -0.020109
v 0.025119 0.048909 -0.020103
v 0.030658 0.087547 -0.020061
v -0.029689 0.050733 -0.020052
v -0.035756 0.108440 -0.020028
v -0.073708 0.147968 -0.020016
v 0.028791 0.066157 -0.020009
v -0.026342 0.035000 -0.019988
v 0.000849 0.113069 -0.019965
v -0.000581 0.111173 -0.019963
v -0.043296 0.042976 -0.019942
v 0.011702 0.104819 -0.019932
v -0.019300 0.186900 -0.019873
v -0.009331 0.168104 -0.019779
v -0.075871 0.151346 -0.019770
v -0.014830 0.166087 -0.019763
v -0.009336 0.034046 -0.019749
v -0.053388 0.078323 -0.019726
v -0.039739 0.108289 -0.019707
v 0.022828 0.102010 -0.019696
v 0.029682 0.062400 -0.019693
v -0.078001 0.157912 -0.019675
v 0.029282 0.092594 -0.019649
v -0.056981 0.078210 -0.019645
v -0.019412 0.034467 -0.019642
v -0.035683 0.078215 -0.019634
v 0.020688 0.042702 -0.019630
v 0.012682 0.034698 -0.019611
v -0.069864 0.166205 -0.019609
v 0.014900 0.104765 -0.019594
v -0.064144 0.161751 -0.019570
v -0.062226 0.158383 -0.019568
v -0.018798 0.167511 -0.019506
v 0.030522 0.069008 -0.019476
v 0.029631 0.060761 -0.019465
v 0.028102 0.095556 -0.019461
v -0.047404 0.079035 -0.019453
v -0.076718 0.163502 -0.019444
v -0.059906 0.079811 -0.019428
v -0.061655 0.083271 -0.019425
v 0.032241 0.080225 -0.019394
v -0.025188 0.170898 -0.019386
v -0.051811 0.105666 -0.019332
v -0.009590 0.166700 -0.019301
v -0.023642 0.180746 -0.019274
v 0.017618 0.038782 -0.019237
v -0.060181 0.093534 -0.019235
v -0.055148 0.076417 -0.019214
v -0.061079 0.089346 -0.019187
v -0.034445 0.048270 -0.019168
v -0.026181 0.172840 -0.019158
v -0.063511 0.081825 -0.019158
v -0.032115 0.035480 -0.019155
v -0.075799 0.150007 -0.019136
v -0.035541 0.074133 -0.019115
v 0.013836 0.105928 -0.019088
v -0.056868 0.102024 -0.019079
v -0.077104 0.156065 -0.019047
v -0.015844 0.034545 -0.019040
v -0.061729 0.154494 -0.019036
v 0.010087 0.112242 -0.019034
v -0.046853 0.107683 -0.019026
v -0.026822 0.110411 -0.019002
v 0.028583 0.054227 -0.018981
v -0.042919 0.076911 -0.018976
v -0.021184 0.111988 -0.018961
v -0.017534 0.113094 -0.018941
v -0.049242 0.078081 -0.018937
v -0.065064 0.087322 -0.018917
v -0.059422 0.099348 -0.018911
v -0.031878 0.108792 -0.018814
v 0.007185 0.114203 -0.018813
v -0.032471 0.065394 -0.018809
v -0.002527 0.113326 -0.018773
v -0.014083 0.172754 -0.018711
v -0.013340 0.111809 -0.018683
v -0.050035 0.110056 -0.018675
v -0.032033 0.049694 -0.018630
v -0.074911 0.154080 -0.018619
v -0.058127 0.075557 -0.018617
v -0.064678 0.094344 -0.018505
v -0.016555 0.176373 -0.018495
v -0.069389 0.144637 -0.018490
v -0.002561 0.034145 -0.018490
v 0.032216 0.065122 -0.018476
v -0.043643 0.109872 -0.018460
v -0.066100 0.145182 -0.018430
v -0.077558 0.161052 -0.018407
v -0.066679 0.163980 -0.018370
v 0.031840 0.092254 -0.018363
v 0.034601 0.083316 -0.018355
v -0.062639 0.100997 -0.018313
v -0.061708 0.103646 -0.018278
v -0.011445 0.034630 -0.018274
v 0.028699 0.051641 -0.018240
v -0.061336 0.097189 -0.018223
v -0.038642 0.075987 -0.018177
v -0.035338 0.072063 -0.018175
v -0.010944 0.169059 -0.018154
v 0.003875 0.116457 -0.018146
v 0.033592 0.079454 -0.018125
v -0.057434 0.106578 -0.018108
v 0.013457 0.111652 -0.018104
v -0.021731 0.185210 -0.018103
v 0.032673 0.071622 -0.018090
v -0.056398 0.109062 -0.017990
v -0.050225 0.075535 -0.017988
v -0.013162 0.164247 -0.017976
v 0.014027 0.034520 -0.017975
v -0.029527 0.037842 -0.017943
v -0.045700 0.075942 -0.017909
v -0.046721 0.034720 -0.017896
v -0.026276 0.038277 -0.017874
v -0.020248 0.037618 -0.017870
v 0.025084 0.102981 -0.017832
v -0.046255 0.038034 -0.017811
v -0.030952 0.058255 -0.017803
v -0.026900 0.111429 -0.017799
v -0.033450 0.067511 -0.017788
v -0.018378 0.180642 -0.017784
v -0.032263 0.062818 -0.017764
v -0.042615 0.071074 -0.017754
v -0.075486 0.163991 -0.017701
v 0.034452 0.088435 -0.017691
v -0.064168 0.146326 -0.017620
v -0.060704 0.075037 -0.017604
v -0.018112 0.186235 -0.017589
v -0.018188 0.164603 -0.017567
v 0.003877 0.034154 -0.017539
v -0.063584 0.075769 -0.017528
v -0.043915 0.042382 -0.017514
v -0.027326 0.167200 -0.017495
v -0.028149 0.175862 -0.017476
v -0.030215 0.052591 -0.017470
v -0.019076 0.186919 -0.017469
v -0.011516 0.114067 -0.017460
v -0.069139 0.084836 -0.017459
v 0.000500 0.116739 -0.017443
v -0.044099 0.070975 -0.017402
v 0.018264 0.106227 -0.017368
v 0.028086 0.099623 -0.017363
v -0.056225 0.111156 -0.017334
v -0.036639 0.034481 -0.017307
v -0.006782 0.114788 -0.017258
v 0.032448 0.060771 -0.017249
v -0.064757 0.102868 -0.017244
v 0.029919 0.057638 -0.017234
v -0.034145 0.113296 -0.017219
v -0.038468 0.071992 -0.017194
v -0.068687 0.080772 -0.017190
v -0.013186 0.169502 -0.017077
v -0.004154 0.034713 -0.017021
v 0.022383 0.045027 -0.017018
v -0.031102 0.050224 -0.016991
v -0.024049 0.182993 -0.016991
v -0.030471 0.169675 -0.016983
v -0.008344 0.035707 -0.016978
v -0.052958 0.073748 -0.016959
v 0.017300 0.109410 -0.016902
v 0.034031 0.069950 -0.016785
v -0.061829 0.106919 -0.016770
v -0.018311 0.115482 -0.016770
v -0.038144 0.047580 -0.016769
v -0.046318 0.033687 -0.016757
v -0.066475 0.076379 -0.016745
v -0.038315 0.114016 -0.016721
v -0.024458 0.165002 -0.016721
v 0.033651 0.075567 -0.016693
v 0.011074 0.114845 -0.016685
v -0.030613 0.167326 -0.016685
v -0.067886 0.092278 -0.016665
v -0.057935 0.072222 -0.016632
v -0.022340 0.038639 -0.016631
v -0.010678 0.165162 -0.016555
v -0.041208 0.046312 -0.016527
v -0.063484 0.158890 -0.016523
v -0.010817 0.166892 -0.016491
v -0.043156 0.113006 -0.016451
v -0.047121 0.072919 -0.016400
v -0.031880 0.038430 -0.016383
v 0.016742 0.035471 -0.016365
v -0.074928 0.152900 -0.016356
v -0.047399 0.113384 -0.016355
v -0.031346 0.114641 -0.016348
v -0.070583 0.090900 -0.016338
v -0.068208 0.096072 -0.016333
v 0.026960 0.047394 -0.016329
v -0.062230 0.151466 -0.016226
v -0.066541 0.098801 -0.016223
v -0.028506 0.038752 -0.016144
v 0.000867 0.034797 -0.016125
v -0.017935 0.038684 -0.016076
v -0.009995 0.037902 -0.016052
v -0.062099 0.155249 -0.016025
v -0.035824 0.067944 -0.015946
v 0.034652 0.066757 -0.015905
v -0.072499 0.144592 -0.015893
v -0.012318 0.163258 -0.015876
v 0.037263 0.086919 -0.015853
v -0.070685 0.096261 -0.015841
v -0.004149 0.116868 -0.015772
v 0.013917 0.115580 -0.015754
v 0.035410 0.091339 -0.015700
v 0.009684 0.034150 -0.015699
v 0.017274 0.112999 -0.015692
v -0.030782 0.055712 -0.015672
v -0.072936 0.082362 -0.015662
v -0.063178 0.072678 -0.015659
v -0.067129 0.102558 -0.015650
v -0.053874 0.071088 -0.015629
v -0.049459 0.072412 -0.015615
v -0.023574 0.115032 -0.015614
v -0.037996 0.068397 -0.015585
v 0.021601 0.108261 -0.015558
v -0.045684 0.116865 -0.015534
v -0.075348 0.148579 -0.015522
v 0.007177 0.118601 -0.015502
v -0.077335 0.155006 -0.015466
v -0.041981 0.066795 -0.015458
v -0.076727 0.161327 -0.015444
v 0.004406 0.034707 -0.015427
v -0.020188 0.173927 -0.015414
v -0.033777 0.165793 -0.015408
v -0.040903 0.033739 -0.015371
v -0.013960 0.038767 -0.015314
v -0.013602 0.117426 -0.015305
v -0.076195 0.150388 -0.015300
v -0.029901 0.177344 -0.015272
v -0.027335 0.180381 -0.015249
v -0.045647 0.066818 -0.015243
v 0.020660 0.111015 -0.015186
v -0.065549 0.144403 -0.015129
v -0.068647 0.075514 -0.015112
v -0.034763 0.065969 -0.015079
v -0.021549 0.185910 -0.015048
v -0.071127 0.144218 -0.015039
v -0.074605 0.087994 -0.015013
v -0.032098 0.059922 -0.014952
v 0.037929 0.082130 -0.014950
v 0.010939 0.118875 -0.014948
v -0.034316 0.038162 -0.014913
v -0.036832 0.116300 -0.014883
v -0.034998 0.168638 -0.014857
v -0.000454 0.037688 -0.014837
v -0.062616 0.111020 -0.014809
v -0.039732 0.034081 -0.014807
v 0.018683 0.037205 -0.014743
v 0.022738 0.044237 -0.014703
v 0.020895 0.040910 -0.014667
v -0.065003 0.106783 -0.014640
v -0.072307 0.079890 -0.014623
v -0.033207 0.060952 -0.014594
v -0.022821 0.161672 -0.014563
v -0.029155 0.161416 -0.014560
v -0.073336 0.145904 -0.014552
v -0.040255 0.116844 -0.014543
v -0.013511 0.162215 -0.014513
v -0.023856 0.184317 -0.014510
v -0.033792 0.173030 -0.014496
v -0.074228 0.163163 -0.014495
v -0.075180 0.084510 -0.014412
v -0.021713 0.178705 -0.014383
v -0.047421 0.037719 -0.014382
v -0.048336 0.033902 -0.014376
v -0.049475 0.069320 -0.014364
v -0.033239 0.062657 -0.014359
v 0.015684 0.034702 -0.014333
v -0.020744 0.185781 -0.014310
v 0.031367 0.054708 -0.014301
v 0.029709 0.050361 -0.014300
v -0.060525 0.069548 -0.014289
v -0.050894 0.118253 -0.014214
v -0.043755 0.044584 -0.014185
v 0.025860 0.108334 -0.014173
v -0.008395 0.119452 -0.014148
v 0.030287 0.104640 -0.014143
v -0.070632 0.101615 -0.014124
v -0.016246 0.118239 -0.014113
v -0.055771 0.069084 -0.014111
v -0.036702 0.164270 -0.014080
v -0.077512 0.157631 -0.014076
v -0.063220 0.146271 -0.014071
v 0.036726 0.068903 -0.014059
v -0.017994 0.168459 -0.014032
v 0.008504 0.034482 -0.014016
v -0.046242 0.064808 -0.013980
v -0.017797 0.161182 -0.013955
v -0.002938 0.038876 -0.013929
v 0.033895 0.095495 -0.013888
v -0.067756 0.073569 -0.013868
v -0.028197 0.117124 -0.013851
v -0.006703 0.039034 -0.013850
v -0.012572 0.165573 -0.013848
v 0.002514 0.120151 -0.013832
v -0.060228 0.114761 -0.013827
v -0.034955 0.063447 -0.013789
v 0.035278 0.063302 -0.013703
v -0.020735 0.160760 -0.013671
v -0.034156 0.049711 -0.013614
v 0.022363 0.043195 -0.013582
v -0.040305 0.063771 -0.013576
v -0.038421 0.035240 -0.013562
v 0.017798 0.034949 -0.013475
v -0.074803 0.097534 -0.013473
v 0.002239 0.038438 -0.013442
v -0.054664 0.118056 -0.013437
v -0.020852 0.184432 -0.013365
v 0.028596 0.107141 -0.013321
v -0.075599 0.152449 -0.013296
v -0.034969 0.160281 -0.013292
v 0.036152 0.074612 -0.013260
v 0.036723 0.077196 -0.013200
v -0.031530 0.051377 -0.013194
v -0.036448 0.048800 -0.013176
v -0.072547 0.144028 -0.013164
v -0.042557 0.120508 -0.013089
v 0.034433 0.058198 -0.013084
v 0.037002 0.066029 -0.013083
v -0.072013 0.163270 -0.013074
v 0.019086 0.116522 -0.013062
v -0.042752 0.061842 -0.013001
v -0.031883 0.057134 -0.012978
v 0.006723 0.121853 -0.012975
v -0.001322 0.120198 -0.012967
v -0.011772 0.038980 -0.012965
v -0.072322 0.076593 -0.012963
v -0.045697 0.033542 -0.012939
v 0.034346 0.100351 -0.012878
v -0.063382 0.156325 -0.012871
v -0.050545 0.033691 -0.012861
v -0.077095 0.093626 -0.012814
v -0.035588 0.117672 -0.012794
v -0.033731 0.060743 -0.012740
v 0.016004 0.118619 -0.012736
v -0.032593 0.059557 -0.012735
v -0.051404 0.067434 -0.012705
v -0.038418 0.160885 -0.012673
v -0.041691 0.047355 -0.012638
v -0.076061 0.160688 -0.012610
v -0.025787 0.182939 -0.012602
v -0.047771 0.036586 -0.012597
v -0.048469 0.063585 -0.012573
v -0.019642 0.118300 -0.012567
v -0.036220 0.038204 -0.012489
v -0.012780 0.163613 -0.012462
v -0.030384 0.179352 -0.012440
v -0.022739 0.184674 -0.012383
v -0.073830 0.102185 -0.012378
v -0.052425 0.035570 -0.012338
v 0.027341 0.046473 -0.012334
v -0.049819 0.035997 -0.012322
v -0.066893 0.160556 -0.012317
v -0.046729 0.041115 -0.012249
v -0.076789 0.083701 -0.012182
v -0.013568 0.162065 -0.012162
v 0.007102 0.037489 -0.012146
v 0.025112 0.111555 -0.012136
v -0.062334 0.151931 -0.012111
v -0.025552 0.038605 -0.012049
v -0.069048 0.162241 -0.012039
v 0.038793 0.068530 -0.011995
v -0.062334 0.149014 -0.011984
v -0.075357 0.151425 -0.011974
v -0.046260 0.058729 -0.011929
v -0.077748 0.087964 -0.011895
v -0.070391 0.143021 -0.011877
v 0.040042 0.082918 -0.011871
v -0.024044 0.169844 -0.011816
v 0.011959 0.034238 -0.011779
v -0.048974 0.060574 -0.011772
v -0.047686 0.040897 -0.011704
v -0.055839 0.034094 -0.011684
v -0.000980 0.039233 -0.011660
v -0.063373 0.144746 -0.011640
v -0.026259 0.158305 -0.011638
v -0.065347 0.143249 -0.011607
v 0.023783 0.114738 -0.011581
v -0.038758 0.158509 -0.011557
v 0.004346 0.038743 -0.011536
v -0.042325 0.056143 -0.011526
v -0.032623 0.050667 -0.011522
v -0.052812 0.033774 -0.011520
v -0.049672 0.122078 -0.011518
v -0.006727 0.122199 -0.011507
v -0.038593 0.059427 -0.011486
v -0.022377 0.182977 -0.011435
v -0.066153 0.113511 -0.011412
v -0.035917 0.058933 -0.011343
v -0.050763 0.064817 -0.011342
v -0.032705 0.056191 -0.011341
v -0.064562 0.069337 -0.011337
v -0.075676 0.080757 -0.011321
v 0.012242 0.122065 -0.011287
v 0.040493 0.086418 -0.011261
v -0.010895 0.121466 -0.011238
v -0.042853 0.048126 -0.011205
v -0.025863 0.172241 -0.011169
v -0.052932 0.066284 -0.011164
v -0.045125 0.044455 -0.011163
v -0.070336 0.072859 -0.011156
v -0.022427 0.119969 -0.011149
v -0.076098 0.148454 -0.011147
v 0.038392 0.076248 -0.011143
v -0.030878 0.157014 -0.011138
v 0.022527 0.042778 -0.011134
v -0.033718 0.057526 -0.011116
v -0.041224 0.050913 -0.011090
v -0.044540 0.054789 -0.011054
v -0.037152 0.050243 -0.011039
v -0.037104 0.056656 -0.011034
v -0.023272 0.167597 -0.011026
v -0.026093 0.182918 -0.011023
v -0.033633 0.119298 -0.011016
v -0.077117 0.154144 -0.011000
v -0.053387 0.039695 -0.010982
v 0.035324 0.057442 -0.010959
v -0.048975 0.033537 -0.010950
v -0.041023 0.167971 -0.010926
v -0.042003 0.165123 -0.010912
v 0.010207 0.034939 -0.010904
v 0.039033 0.078498 -0.010903
v -0.023228 0.181588 -0.010897
v -0.015076 0.163999 -0.010887
v -0.002591 0.122305 -0.010884
v -0.033629 0.038524 -0.010810
v -0.077332 0.098222 -0.010793
v -0.071459 0.108503 -0.010784
v -0.034022 0.177275 -0.010703
v -0.038074 0.052503 -0.010649
v -0.057810 0.119725 -0.010644
v -0.073916 0.076324 -0.010626
v -0.058816 0.033717 -0.010602
v -0.038936 0.122745 -0.010585
v -0.033829 0.050834 -0.010459
v -0.032609 0.053031 -0.010453
v -0.024639 0.183188 -0.010451
v -0.049938 0.043179 -0.010434
v -0.057736 0.035926 -0.010431
v -0.017588 0.159503 -0.010422
v -0.057379 0.033578 -0.010393
v -0.076184 0.149810 -0.010380
v 0.004836 0.123440 -0.010374
v -0.035894 0.156031 -0.010336
v -0.076650 0.101863 -0.010331
v -0.034440 0.055098 -0.010325
v -0.039765 0.035257 -0.010318
v 0.037735 0.060915 -0.010308
v -0.049024 0.055944 -0.010226
v -0.076414 0.158360 -0.010157
v 0.034752 0.105093 -0.010151
v -0.045670 0.051770 -0.010109
v -0.079452 0.094922 -0.010096
v -0.069129 0.142156 -0.010092
v -0.022304 0.158270 -0.010077
v -0.017104 0.038778 -0.010052
v -0.043044 0.159205 -0.010046
v -0.037719 0.174394 -0.010018
v -0.065387 0.116075 -0.010014
v -0.073736 0.144491 -0.010002
v 0.031871 0.051804 -0.009974
v -0.014852 0.162354 -0.009920
v -0.029861 0.180199 -0.009900
v -0.035519 0.120855 -0.009862
v -0.015881 0.160258 -0.009862
v -0.060254 0.034753 -0.009814
v -0.068547 0.070580 -0.009788
v 0.019637 0.037419 -0.009784
v -0.020356 0.164655 -0.009762
v -0.063892 0.143446 -0.009700
v 0.026048 0.113874 -0.009669
v -0.047062 0.047916 -0.009653
v -0.040396 0.171737 -0.009624
v -0.006281 0.124791 -0.009623
v -0.058303 0.066315 -0.009618
v -0.041589 0.034017 -0.009576
v -0.022685 0.038564 -0.009554
v 0.037614 0.099020 -0.009548
v 0.029830 0.111736 -0.009536
v -0.079244 0.083313 -0.009504
v -0.059086 0.120745 -0.009386
v -0.051253 0.033433 -0.009331
v -0.004001 0.039089 -0.009270
v -0.062425 0.033744 -0.009263
v -0.040687 0.155428 -0.009255
v -0.061859 0.119812 -0.009247
v 0.038240 0.095414 -0.009227
v -0.073116 0.073707 -0.009224
v -0.024994 0.180249 -0.009198
v 0.015166 0.122343 -0.009159
v -0.071026 0.128285 -0.009150
v -0.054257 0.064513 -0.009116
v -0.065246 0.156838 -0.009081
v 0.022855 0.118093 -0.009073
v -0.049988 0.046343 -0.009065
v -0.066888 0.141745 -0.009038
v -0.025262 0.181939 -0.009029
v 0.041008 0.091567 -0.009016
v -0.028055 0.173130 -0.009006
v -0.069074 0.120796 -0.008945
v -0.053462 0.061414 -0.008936
v -0.066047 0.130077 -0.008929
v -0.045120 0.125046 -0.008929
v 0.002330 0.039315 -0.008899
v -0.060709 0.033592 -0.008878
v -0.066832 0.117806 -0.008858
v -0.064893 0.126876 -0.008855
v 0.009169 0.124201 -0.008839
v -0.055670 0.065049 -0.008800
v 0.032868 0.108583 -0.008800
v -0.064348 0.119821 -0.008795
v -0.061774 0.036234 -0.008792
v -0.071590 0.112920 -0.008785
v -0.057112 0.041212 -0.008774
v -0.060712 0.122659 -0.008765
v -0.071118 0.123820 -0.008641
v -0.025849 0.121047 -0.008567
v -0.068987 0.132519 -0.008546
v -0.069126 0.141135 -0.008512
v 0.025668 0.044120 -0.008461
v -0.050019 0.051623 -0.008359
v -0.072885 0.142624 -0.008339
v 0.006529 0.038581 -0.008295
v -0.036167 0.176299 -0.008287
v -0.062249 0.066011 -0.008278
v 0.039636 0.064059 -0.008262
v -0.021326 0.157865 -0.008252
v 0.041979 0.090314 -0.008185
v -0.075845 0.150563 -0.008151
v -0.055493 0.033411 -0.008135
v 0.042052 0.085440 -0.008106
v -0.063310 0.143330 -0.008096
v -0.064808 0.134467 -0.008067
v -0.080511 0.088442 -0.008048
v -0.027810 0.155671 -0.007996
v -0.063726 0.033763 -0.007990
v -0.014694 0.122105 -0.007984
v -0.074335 0.159320 -0.007980
v 0.001325 0.125244 -0.007978
v -0.072539 0.132872 -0.007962
v -0.075599 0.109214 -0.007943
v -0.063348 0.152598 -0.007934
v -0.068359 0.138973 -0.007907
v -0.076751 0.127396 -0.007799
v 0.041245 0.080256 -0.007797
v -0.074748 0.119490 -0.007786
v -0.045601 0.155481 -0.007780
v -0.016744 0.161211 -0.007745
v -0.065727 0.140308 -0.007741
v -0.027258 0.176959 -0.007739
v 0.029061 0.047021 -0.007734
v -0.032354 0.178466 -0.007687
v -0.017701 0.159702 -0.007685
v -0.071888 0.115602 -0.007681
v 0.018593 0.035097 -0.007675
v -0.078377 0.079098 -0.007674
v -0.060506 0.128578 -0.007664
v -0.065022 0.036559 -0.007654
v 0.031324 0.049485 -0.007649
v -0.076974 0.152719 -0.007643
v -0.065990 0.067634 -0.007633
v -0.017636 0.162482 -0.007626
v -0.047147 0.157146 -0.007622
v -0.028895 0.180451 -0.007598
v -0.060710 0.132070 -0.007558
v 0.038439 0.100977 -0.007521
v -0.071226 0.140330 -0.007510
v 0.009334 0.035166 -0.007504
v -0.026827 0.180301 -0.007502
v -0.000868 0.039185 -0.007471
v -0.010407 0.125172 -0.007462
v -0.076808 0.148137 -0.007453
v -0.030326 0.169077 -0.007429
v -0.038936 0.125057 -0.007395
v -0.032000 0.121669 -0.007376
v -0.025174 0.164284 -0.007375
v -0.036413 0.153029 -0.007346
v -0.075167 0.072919 -0.007325
v 0.023360 0.041570 -0.007286
v -0.047584 0.160891 -0.007275
v 0.031888 0.111955 -0.007269
v -0.054969 0.063097 -0.007224
v -0.039643 0.152397 -0.007220
v -0.056469 0.124330 -0.007174
v 0.011264 0.034387 -0.007130
v -0.081078 0.097455 -0.007105
v -0.069476 0.069898 -0.007103
v -0.038208 0.038285 -0.007094
v -0.080661 0.083786 -0.007073
v -0.045866 0.166747 -0.007045
v -0.076039 0.132909 -0.007021
v -0.034537 0.123308 -0.007021
v 0.022504 0.040105 -0.007009
v -0.020241 0.158221 -0.006984
v -0.066627 0.033850 -0.006982
v -0.071900 0.159983 -0.006968
v -0.077441 0.123062 -0.006967
v 0.033943 0.051727 -0.006922
v 0.036146 0.054606 -0.006916
v -0.029519 0.166020 -0.006911
v -0.068990 0.159239 -0.006873
v -0.075092 0.144588 -0.006842
v 0.042363 0.053708 -0.006840
v -0.082337 0.094105 -0.006833
v -0.061950 0.041742 -0.006816
v 0.041832 0.070359 -0.006755
v -0.076589 0.155249 -0.006754
v -0.074421 0.142063 -0.006733
v -0.073093 0.071032 -0.006718
v -0.077389 0.118708 -0.006686
v -0.040527 0.173534 -0.006684
v 0.018625 0.122310 -0.006666
v 0.036877 0.052428 -0.006652
v -0.062599 0.141945 -0.006631
v -0.027246 0.122213 -0.006626
v -0.053258 0.048285 -0.006626
v 0.041772 0.077788 -0.006613
v -0.062264 0.146908 -0.006599
v -0.080465 0.102572 -0.006573
v -0.055060 0.045774 -0.006571
v 0.027826 0.044919 -0.006560
v 0.017424 0.035012 -0.006560
v -0.049014 0.126225 -0.006535
v -0.052416 0.125472 -0.006533
v -0.043695 0.170703 -0.006497
v -0.075282 0.136260 -0.006468
v 0.039166 0.049203 -0.006437
v 0.032689 0.048770 -0.006426
v -0.058760 0.134251 -0.006368
v -0.026198 0.155825 -0.006366
v -0.044133 0.152039 -0.006362
v 0.014628 0.034412 -0.006353
v 0.044973 0.052935 -0.006305
v -0.057452 0.044461 -0.006299
v 0.005728 0.126943 -0.006249
v -0.053164 0.052736 -0.006247
v -0.002586 0.126898 -0.006231
v 0.035870 0.106574 -0.006207
v 0.006119 0.038132 -0.006178
v -0.078591 0.076196 -0.006168
v -0.028076 0.178915 -0.006160
v -0.056812 0.062742 -0.006158
v -0.031510 0.153812 -0.006151
v -0.059503 0.138240 -0.006117
v -0.082538 0.088286 -0.006113
v -0.048108 0.163935 -0.006105
v 0.035885 0.046181 -0.006068
v 0.042753 0.049267 -0.006039
v -0.020458 0.123457 -0.006007
v -0.079429 0.126306 -0.005982
v 0.031029 0.045183 -0.005974
v -0.055660 0.061427 -0.005967
v -0.083478 0.090520 -0.005960
v -0.068325 0.036057 -0.005947
v 0.039426 0.055717 -0.005907
v 0.042310 0.075527 -0.005903
v -0.067553 0.033765 -0.005865
v -0.043119 0.126616 -0.005861
v -0.023348 0.162519 -0.005848
v -0.023099 0.156978 -0.005840
v 0.043526 0.056650 -0.005830
v -0.041787 0.034062 -0.005761
v -0.006825 0.127163 -0.005730
v -0.030386 0.178785 -0.005728
v -0.078915 0.129540 -0.005727
v 0.037927 0.056770 -0.005702
v 0.004324 0.038900 -0.005693
v -0.045858 0.127068 -0.005676
v -0.067184 0.039604 -0.005619
v -0.015325 0.124140 -0.005612
v 0.048195 0.057312 -0.005488
v -0.075928 0.114882 -0.005474
v -0.043719 0.033710 -0.005450
v -0.053858 0.126982 -0.005377
v -0.082346 0.083958 -0.005345
v -0.046619 0.033564 -0.005328
v 0.039387 0.060106 -0.005323
v -0.042850 0.150310 -0.005320
v -0.060708 0.063052 -0.005305
v -0.077452 0.150256 -0.005261
v -0.076158 0.113476 -0.005261
v 0.023106 0.120580 -0.005229
v -0.035853 0.176089 -0.005186
v -0.060711 0.141396 -0.005176
v -0.080699 0.080094 -0.005163
v -0.009167 0.038831 -0.005137
v -0.071013 0.069192 -0.005135
v 0.014951 0.124838 -0.005117
v -0.019767 0.161145 -0.005111
v 0.041179 0.095649 -0.005105
v -0.032661 0.168746 -0.005085
v -0.049188 0.152777 -0.005078
v -0.075098 0.071329 -0.005073
v 0.049398 0.055105 -0.004976
v -0.054647 0.055404 -0.004958
v 0.034172 0.110870 -0.004906
v -0.020159 0.159659 -0.004904
v -0.080908 0.121166 -0.004885
v -0.078557 0.115774 -0.004865
v -0.051105 0.155573 -0.004852
v 0.008960 0.127218 -0.004821
v 0.039591 0.058265 -0.004797
v 0.025105 0.040173 -0.004785
v -0.076987 0.111315 -0.004757
v -0.046617 0.168521 -0.004747
v -0.053557 0.131363 -0.004747
v -0.079127 0.138742 -0.004687
v -0.033101 0.176993 -0.004676
v -0.061572 0.145883 -0.004675
v -0.029862 0.176844 -0.004664
v -0.069282 0.067590 -0.004624
v -0.036572 0.151388 -0.004620
v -0.076071 0.155607 -0.004604
v -0.056719 0.138886 -0.004573
v -0.044307 0.170758 -0.004546
v -0.030968 0.173362 -0.004528
v -0.083463 0.127864 -0.004458
v 0.028014 0.041027 -0.004416
v -0.065851 0.154770 -0.004398
v 0.046571 0.049050 -0.004378
v -0.082590 0.082555 -0.004328
v -0.032421 0.164213 -0.004325
v -0.026928 0.155440 -0.004275
v 0.043441 0.089245 -0.004267
v -0.066299 0.041858 -0.004222
v 0.048719 0.061006 -0.004211
v -0.015388 0.038647 -0.004127
v -0.055296 0.049907 -0.004125
v -0.056592 0.047261 -0.004113
v -0.051898 0.128602 -0.004112
v -0.080059 0.135397 -0.004111
v -0.077322 0.145787 -0.004107
v 0.041101 0.063594 -0.004081
v -0.026421 0.038296 -0.004064
v -0.084862 0.091757 -0.004055
v -0.069532 0.036669 -0.004054
v 0.021244 0.037238 -0.003990
v -0.069787 0.034350 -0.003987
v 0.020000 0.035131 -0.003987
v 0.042227 0.059947 -0.003968
v -0.049022 0.165876 -0.003943
v -0.029871 0.154132 -0.003938
v -0.065975 0.033570 -0.003896
v -0.055565 0.135347 -0.003889
v -0.039823 0.173588 -0.003840
v -0.078601 0.073506 -0.003835
v 0.024238 0.038796 -0.003826
v 0.043353 0.081221 -0.003823
v -0.079908 0.140611 -0.003799
v -0.024837 0.156574 -0.003775
v -0.052770 0.133352 -0.003740
v -0.056722 0.060935 -0.003736
v -0.062769 0.033343 -0.003716
v -0.022850 0.158013 -0.003714
v -0.073578 0.157550 -0.003697
v 0.006431 0.035423 -0.003681
v 0.041397 0.045145 -0.003677
v 0.026768 0.119046 -0.003640
v -0.029884 0.162446 -0.003563
v -0.050497 0.128299 -0.003538
v -0.031110 0.123511 -0.003521
v -0.080806 0.108011 -0.003469
v 0.044568 0.046437 -0.003425
v -0.084164 0.097152 -0.003412
v -0.052760 0.152045 -0.003407
v 0.040043 0.101695 -0.003399
v -0.068186 0.156570 -0.003393
v -0.042604 0.148600 -0.003392
v -0.053400 0.033440 -0.003386
v -0.081743 0.132817 -0.003382
v -0.034740 0.166265 -0.003356
v 0.042038 0.067062 -0.003347
v -0.084933 0.126044 -0.003346
v -0.084106 0.100349 -0.003343
v -0.062119 0.148553 -0.003275
v -0.020336 0.038445 -0.003253
v -0.011843 0.126953 -0.003246
v -0.065710 0.063072 -0.003224
v 0.036077 0.108744 -0.003174
v -0.032089 0.175812 -0.003172
v -0.077773 0.151085 -0.003170
v 0.053171 0.059932 -0.003161
v -0.047233 0.147878 -0.003120
v 0.036939 0.041908 -0.003106
v -0.072536 0.069530 -0.003081
v -0.059402 0.045840 -0.003072
v -0.059994 0.143548 -0.003067
v 0.041602 0.062061 -0.003013
v -0.030575 0.038372 -0.003013
v -0.041791 0.172265 -0.002990
v -0.035500 0.038320 -0.002957
v -0.084852 0.088504 -0.002950
v 0.007171 0.034591 -0.002865
v -0.068963 0.033668 -0.002862
v -0.081907 0.116486 -0.002827
v 0.048699 0.048946 -0.002693
v -0.035282 0.164502 -0.002680
v 0.032638 0.040168 -0.002680
v -0.086077 0.122052 -0.002661
v -0.062960 0.061700 -0.002636
v -0.077764 0.072335 -0.002634
v -0.032178 0.174119 -0.002633
v 0.030419 0.116644 -0.002441
v -0.078337 0.148817 -0.002410
v 0.003408 0.037888 -0.002386
v 0.021440 0.036874 -0.002361
v -0.084719 0.084231 -0.002304
v -0.056353 0.033413 -0.002294
v -0.049514 0.146983 -0.002284
v -0.016302 0.125784 -0.002257
v -0.036613 0.126494 -0.002252
v -0.023238 0.159682 -0.002220
v 0.053045 0.054396 -0.002212
v -0.063911 0.152414 -0.002125
v -0.039967 0.034391 -0.002104
v -0.052996 0.161326 -0.002095
v -0.054519 0.157024 -0.002089
v -0.081076 0.076461 -0.002080
v -0.086500 0.120746 -0.002059
v -0.059365 0.147155 -0.002050
v -0.048118 0.167695 -0.002027
v -0.055697 0.149635 -0.002004
v -0.068799 0.039003 -0.001967
v -0.054978 0.141663 -0.001920
v 0.023229 0.036823 -0.001913
v -0.067390 0.041337 -0.001908
v -0.059409 0.060760 -0.001856
v -0.065463 0.062251 -0.001839
v -0.041067 0.148523 -0.001836
v -0.057232 0.059821 -0.001830
v 0.054751 0.059878 -0.001815
v -0.034591 0.151855 -0.001811
v -0.057640 0.147357 -0.001809
v -0.082471 0.080724 -0.001805
v -0.055479 0.154793 -0.001780
v 0.051161 0.064529 -0.001777
v -0.081716 0.137678 -0.001735
v -0.030945 0.161077 -0.001729
v -0.026015 0.160888 -0.001725
v 0.017043 0.125890 -0.001711
v -0.022347 0.124763 -0.001694
v -0.070915 0.157211 -0.001691
v -0.054063 0.147119 -0.001637
v 0.038378 0.104950 -0.001586
v 0.043681 0.072679 -0.001545
v -0.055677 0.143914 -0.001541
v -0.086623 0.127633 -0.001529
v -0.030603 0.154462 -0.001512
v -0.068886 0.064399 -0.001445
v 0.043786 0.064047 -0.001442
v 0.044778 0.087292 -0.001374
v 0.021426 0.034862 -0.001331
v -0.000505 0.129308 -0.001303
v 0.044756 0.078487 -0.001294
v 0.039254 0.041290 -0.001269
v 0.044459 0.090738 -0.001247
v -0.074218 0.156462 -0.001243
v -0.065178 0.043969 -0.001234
v -0.033959 0.172024 -0.001223
v -0.083211 0.114401 -0.001201
v -0.057742 0.048052 -0.001197
v -0.035979 0.162259 -0.001173
v -0.080851 0.143690 -0.001140
v -0.053388 0.138085 -0.001118
v -0.034415 0.173499 -0.001087
v -0.080493 0.111448 -0.001082
v -0.070765 0.036347 -0.001027
v -0.047940 0.129013 -0.001003
v -0.062830 0.151755 -0.000978
v -0.057977 0.151064 -0.000978
v 0.030946 0.038132 -0.000965
v 0.000071 0.038888 -0.000963
v 0.036135 0.039630 -0.000935
v 0.020478 0.034883 -0.000899
v -0.036920 0.173110 -0.000838
v -0.041290 0.033753 -0.000822
v -0.052614 0.163152 -0.000802
v -0.048942 0.033597 -0.000800
v -0.075149 0.069904 -0.000625
v -0.077863 0.152706 -0.000598
v -0.027113 0.157828 -0.000592
v -0.084482 0.102377 -0.000560
v -0.087645 0.125827 -0.000552
v -0.049260 0.131741 -0.000505
v -0.084612 0.134179 -0.000485
v 0.046127 0.065774 -0.000452
v -0.050622 0.165164 -0.000437
v -0.014608 0.038419 -0.000420
v 0.054263 0.064018 -0.000392
v -0.085421 0.117015 -0.000352
v -0.063341 0.061417 -0.000331
v -0.052309 0.144300 -0.000316
v -0.034543 0.152259 -0.000315
v -0.042384 0.170696 -0.000297
v -0.035876 0.168190 -0.000250
v -0.046966 0.145566 -0.000207
v -0.003348 0.038838 -0.000194
v -0.082440 0.108507 -0.000177
v -0.081412 0.146243 -0.000170
v -0.057251 0.050325 -0.000139
v -0.085726 0.089988 -0.000094
v 0.043752 0.066338 -0.000066
v -0.071323 0.034287 -0.000050
v 0.033211 0.038291 0.000028
v -0.026540 0.124438 0.000062
v -0.076041 0.154689 0.000099
v 0.008832 0.034134 0.000110
v -0.038272 0.163073 0.000132
v 0.024891 0.036100 0.000147
v -0.071079 0.065547 0.000177
v 0.028007 0.036734 0.000195
v -0.086068 0.096099 0.000201
v -0.071324 0.038207 0.000255
v -0.088184 0.121422 0.000263
v -0.061640 0.152443 0.000264
v -0.046999 0.168139 0.000277
v -0.037361 0.150458 0.000381
v -0.037065 0.160934 0.000425
v -0.070102 0.040873 0.000451
v -0.083683 0.138687 0.000467
v 0.043766 0.043574 0.000485
v -0.081754 0.076449 0.000491
v -0.024811 0.038313 0.000491
v -0.046435 0.033682 0.000532
v -0.078173 0.072679 0.000533
v -0.056931 0.055509 0.000567
v -0.028358 0.159613 0.000614
v 0.006349 0.130151 0.000625
v 0.048671 0.046072 0.000674
v 0.001062 0.130290 0.000685
v -0.066760 0.033397 0.000709
v -0.039384 0.127932 0.000752
v -0.059714 0.153608 0.000761
v 0.022787 0.034896 0.000787
v 0.044144 0.069147 0.000788
v -0.036221 0.170661 0.000806
v -0.037684 0.171196 0.000807
v 0.040481 0.104360 0.000850
v -0.080223 0.150855 0.000911
v -0.029879 0.038298 0.000954
v -0.082943 0.111875 0.001000
v 0.013677 0.128727 0.001021
v -0.067586 0.154994 0.001049
v 0.052466 0.068093 0.001059
v 0.003251 0.035004 0.001062
v 0.020025 0.125780 0.001079
v 0.044629 0.083806 0.001091
v 0.032798 0.116073 0.001152
v -0.072711 0.035555 0.001156
v -0.085693 0.101164 0.001158
v -0.050582 0.136540 0.001158
v -0.059677 0.033434 0.001176
v -0.050330 0.143832 0.001195
v 0.053319 0.050040 0.001229
v 0.042368 0.100528 0.001266
v -0.056819 0.158486 0.001290
v 0.017452 0.034295 0.001330
v -0.084150 0.106630 0.001352
v -0.006345 0.129630 0.001364
v 0.014412 0.034147 0.001378
v -0.055972 0.160007 0.001379
v -0.035285 0.153347 0.001421
v -0.051269 0.139759 0.001479
v -0.074133 0.067118 0.001535
v -0.031816 0.038203 0.001535
v -0.058901 0.059595 0.001538
v -0.041123 0.169846 0.001572
v -0.038253 0.159690 0.001672
v -0.057474 0.057970 0.001694
v -0.030843 0.158084 0.001697
v 0.056830 0.065896 0.001723
v -0.086953 0.086750 0.001748
v -0.042418 0.147754 0.001780
v -0.087845 0.129952 0.001823
v 0.045339 0.075176 0.001848
v -0.077119 0.070925 0.001857
v 0.037877 0.038925 0.001871
v 0.046990 0.044140 0.001876
v 0.000289 0.037851 0.001943
v -0.067959 0.062746 0.001967
v -0.061161 0.047068 0.001974
v -0.037833 0.167613 0.001978
v 0.045391 0.081894 0.001981
v -0.029139 0.124818 0.002069
v -0.044708 0.128922 0.002098
v -0.031217 0.125213 0.002101
v -0.046574 0.129825 0.002107
v -0.070394 0.155904 0.002107
v -0.045205 0.168092 0.002113
v -0.075245 0.154898 0.002120
v -0.086047 0.092495 0.002152
v -0.040327 0.160794 0.002175
v -0.069091 0.043113 0.002199
v -0.087507 0.116591 0.002220
v -0.078757 0.152960 0.002221
v 0.045433 0.068822 0.002262
v -0.058143 0.033543 0.002334
v 0.023201 0.124102 0.002335
v -0.082396 0.147884 0.002388
v -0.039354 0.168936 0.002446
v -0.067432 0.044469 0.002467
v -0.086263 0.084420 0.002477
v 0.057981 0.059940 0.002516
v -0.071319 0.034035 0.002525
v -0.085917 0.139357 0.002570
v -0.057315 0.052436 0.002594
v -0.037658 0.033682 0.002620
v 0.043907 0.096303 0.002658
v -0.083246 0.145359 0.002698
v -0.039329 0.164712 0.002724
v -0.034613 0.159426 0.002751
v 0.005109 0.033960 0.002761
v -0.084183 0.081592 0.002781
v -0.059715 0.155773 0.002840
v -0.040234 0.149572 0.002862
v 0.042853 0.041094 0.002885
v -0.083408 0.142882 0.002896
v -0.058790 0.048218 0.002913
v -0.053796 0.162226 0.002962
v 0.016491 0.035269 0.002962
v -0.065273 0.154579 0.002970
v 0.009049 0.034532 0.003011
v -0.081776 0.074423 0.003016
v -0.049593 0.165030 0.003017
v 0.013444 0.034575 0.003034
v -0.071336 0.039140 0.003073
v -0.089470 0.119866 0.003108
v 0.038609 0.108273 0.003140
v -0.061834 0.154573 0.003151
v 0.025289 0.034921 0.003161
v -0.005928 0.038664 0.003200
v -0.087644 0.089282 0.003201
v 0.049286 0.044939 0.003215
v -0.020545 0.126593 0.003226
v -0.012441 0.128796 0.003256
v 0.056585 0.068816 0.003297
v -0.041096 0.158761 0.003301
v -0.057213 0.159337 0.003342
v -0.087587 0.096254 0.003344
v 0.022353 0.034533 0.003435
v -0.040046 0.166638 0.003445
v -0.035507 0.156787 0.003546
v 0.035463 0.113192 0.003571
v 0.031231 0.036222 0.003583
v -0.073128 0.065607 0.003657
v 0.015321 0.036239 0.003673
v -0.088949 0.127982 0.003704
v -0.050044 0.141302 0.003722
v -0.043933 0.166962 0.003757
v -0.047990 0.144203 0.003788
v -0.084424 0.110194 0.003815
v -0.084156 0.078293 0.003836
v 0.003180 0.034194 0.003841
v -0.072140 0.155622 0.003861
v -0.086809 0.113502 0.003882
v -0.072310 0.037011 0.003883
v -0.087250 0.136708 0.003938
v -0.035560 0.158071 0.003949
v -0.089291 0.132990 0.003967
v 0.050730 0.070752 0.003976
v -0.041756 0.033495 0.003976
v -0.034602 0.127052 0.003978
v 0.056001 0.051679 0.003992
v 0.046213 0.072693 0.003994
v -0.087131 0.092611 0.004000
v -0.083705 0.150562 0.004063
v -0.065598 0.060939 0.004067
v 0.045502 0.090433 0.004125
v -0.040826 0.150412 0.004142
v -0.070719 0.063493 0.004156
v 0.058297 0.066838 0.004166
v -0.049212 0.143016 0.004191
v 0.040073 0.039092 0.004217
v 0.053898 0.048808 0.004243
v -0.046161 0.033466 0.004248
v -0.070569 0.040439 0.004303
v 0.004893 0.034142 0.004310
v 0.009915 0.130587 0.004323
v -0.048345 0.133931 0.004365
v -0.049723 0.033448 0.004373
v -0.041464 0.164110 0.004384
v -0.086556 0.101027 0.004452
v 0.009429 0.036030 0.004528
v -0.089826 0.117075 0.004545
v -0.042697 0.158256 0.004558
v -0.044018 0.147277 0.004561
v 0.001081 0.131185 0.004656
v -0.012388 0.038434 0.004713
v 0.055036 0.070703 0.004717
v -0.038500 0.157873 0.004831
v -0.035252 0.033722 0.004904
v -0.056849 0.056063 0.004917
v -0.042988 0.164324 0.004963
v -0.016154 0.038382 0.004973
v 0.047196 0.071645 0.004973
v -0.064162 0.060381 0.005001
v -0.088054 0.086163 0.005066
v -0.025632 0.125688 0.005067
v -0.065247 0.045997 0.005083
v 0.013462 0.129665 0.005084
v -0.046284 0.164450 0.005160
v 0.041059 0.105051 0.005167
v -0.087999 0.097997 0.005226
v 0.046159 0.080807 0.005235
v -0.067407 0.044656 0.005249
v -0.049693 0.139783 0.005262
v -0.059992 0.156196 0.005296
v 0.021344 0.034439 0.005306
v 0.059045 0.058685 0.005310
v 0.025827 0.034761 0.005345
v -0.087349 0.093992 0.005372
v 0.000747 0.035021 0.005408
v 0.007677 0.034683 0.005410
v -0.048023 0.144604 0.005451
v -0.045181 0.129890 0.005454
v -0.037341 0.128020 0.005475
v -0.062224 0.155123 0.005565
v -0.050040 0.162730 0.005669
v -0.043857 0.157007 0.005708
v -0.039454 0.156331 0.005747
v -0.075990 0.067636 0.005749
v 0.019508 0.126957 0.005798
v 0.007882 0.036327 0.005802
v -0.072477 0.035104 0.005824
v -0.029998 0.125503 0.005870
v -0.076611 0.154877 0.005897
v 0.048400 0.071674 0.005898
v -0.029150 0.038038 0.005905
v 0.057887 0.069646 0.005940
v -0.090821 0.126351 0.005979
v -0.059144 0.058608 0.005993
v -0.069960 0.033850 0.005994
v -0.072540 0.038081 0.006040
v -0.045830 0.146670 0.006046
v 0.029847 0.035226 0.006048
v -0.089703 0.114612 0.006096
v -0.061060 0.047277 0.006122
v -0.047626 0.033605 0.006127
v -0.002751 0.038438 0.006129
v -0.054098 0.160572 0.006136
v -0.080179 0.071788 0.006150
v -0.018227 0.127810 0.006220
v -0.041327 0.156445 0.006227
v 0.045837 0.085915 0.006235
v -0.084927 0.145451 0.006236
v -0.086186 0.083300 0.006289
v -0.086584 0.104509 0.006331
v -0.088659 0.089190 0.006340
v 0.027316 0.122009 0.006356
v -0.045320 0.162025 0.006375
v -0.042217 0.153011 0.006411
v 0.018944 0.036365 0.006428
v 0.006219 0.035134 0.006549
v 0.060082 0.062025 0.006588
v -0.044546 0.159661 0.006599
v -0.043946 0.033860 0.006600
v -0.089789 0.134642 0.006651
v -0.085548 0.109052 0.006692
v -0.058344 0.048298 0.006781
v -0.091124 0.120667 0.006830
v -0.058172 0.157481 0.006859
v -0.021701 0.038211 0.006887
v -0.069831 0.042509 0.006916
v 0.055426 0.049402 0.006923
v -0.009282 0.038496 0.006938
v -0.042717 0.155054 0.006948
v -0.071339 0.155715 0.007126
v -0.085581 0.143002 0.007128
v 0.042635 0.039958 0.007170
v -0.077273 0.069263 0.007207
v 0.045613 0.092065 0.007212
v -0.081833 0.073622 0.007299
v -0.083832 0.076485 0.007318
v -0.067448 0.044369 0.007344
v -0.086295 0.148467 0.007398
v 0.049049 0.043641 0.007439
v -0.059546 0.156361 0.007485
v -0.048593 0.160783 0.007541
v 0.031002 0.118987 0.007551
v -0.045885 0.148287 0.007616
v -0.074304 0.065757 0.007619
v -0.045664 0.155513 0.007709
v -0.049405 0.142854 0.007712
v -0.069384 0.061612 0.007723
v -0.055890 0.053578 0.007735
v -0.088457 0.092877 0.007735
v 0.057186 0.051554 0.007767
v -0.087528 0.138718 0.007768
v -0.048376 0.145109 0.007854
v -0.049184 0.034117 0.007859
v -0.008646 0.130168 0.007867
v -0.071485 0.039499 0.007899
v -0.042869 0.129202 0.007957
v -0.051590 0.033538 0.007981
v -0.086059 0.080451 0.008024
v -0.046833 0.035666 0.008067
v -0.084033 0.152646 0.008132
v 0.022945 0.034263 0.008170
v -0.044833 0.153348 0.008172
v -0.089001 0.096286 0.008179
v -0.039091 0.033659 0.008179
v 0.046401 0.076146 0.008205
v -0.044932 0.035806 0.008291
v -0.072231 0.037158 0.008344
v -0.063333 0.033666 0.008394
v -0.043846 0.035935 0.008396
v -0.063891 0.045724 0.008434
v -0.092478 0.123257 0.008473
v 0.053033 0.072985 0.008542
v -0.055966 0.056302 0.008555
v 0.044029 0.098473 0.008556
v -0.086906 0.110592 0.008728
v -0.047530 0.157871 0.008747
v -0.088783 0.087868 0.008869
v -0.086397 0.151091 0.008890
v -0.071509 0.034917 0.008923
v 0.038563 0.109373 0.008939
v 0.032930 0.035534 0.008984
v 0.004877 0.131719 0.008993
v -0.058727 0.047082 0.009044
v -0.092276 0.117319 0.009050
v -0.056903 0.157069 0.009066
v -0.035636 0.127811 0.009071
v -0.066489 0.060480 0.009091
v -0.086598 0.084360 0.009102
v -0.029161 0.125599 0.009169
v 0.004769 0.033983 0.009189
v -0.002814 0.037781 0.009248
v -0.048597 0.035910 0.009255
v -0.079465 0.154636 0.009319
v 0.033143 0.116764 0.009473
v -0.013893 0.038339 0.009607
v -0.056134 0.049301 0.009698
v -0.091906 0.130603 0.009798
v 0.055127 0.072986 0.009800
v 0.003353 0.034178 0.009803
v -0.048305 0.136655 0.009838
v 0.024474 0.034347 0.009844
v -0.088601 0.101935 0.009851
v 0.047076 0.073739 0.009855
v -0.050169 0.034877 0.009864
v -0.027481 0.037992 0.009867
v 0.046308 0.082214 0.009908
v 0.000056 0.034718 0.009933
v -0.079742 0.070652 0.009998
v -0.087425 0.142841 0.010002
v -0.017986 0.038274 0.010006
v 0.013704 0.130037 0.010018
v -0.056738 0.057486 0.010031
v -0.052447 0.034015 0.010057
v -0.036547 0.033726 0.010163
v 0.058168 0.071317 0.010192
v -0.060270 0.155850 0.010194
v -0.051592 0.157001 0.010213
v -0.089309 0.146421 0.010228
v -0.058324 0.033594 0.010299
v -0.054454 0.052050 0.010361
v -0.074490 0.065709 0.010364
v -0.085907 0.079760 0.010401
v -0.048310 0.153137 0.010417
v 0.023593 0.125138 0.010419
v -0.004693 0.038446 0.010426
v 0.021748 0.036004 0.010431
v 0.051501 0.045237 0.010449
v -0.049306 0.141439 0.010456
v 0.040445 0.106383 0.010526
v 0.038393 0.037617 0.010542
v -0.045062 0.131252 0.010596
v -0.070803 0.062163 0.010605
v 0.027816 0.034617 0.010649
v -0.065410 0.155753 0.010654
v 0.060009 0.068645 0.010654
v -0.065821 0.043187 0.010685
v -0.039222 0.036326 0.010790
v -0.049944 0.144885 0.010814
v -0.058346 0.155944 0.010835
v -0.091047 0.113675 0.010925
v -0.003019 0.131267 0.010927
v -0.053305 0.156295 0.010927
v -0.086342 0.107659 0.010929
v -0.090644 0.134262 0.010933
v -0.053967 0.033538 0.010954
v -0.031121 0.033869 0.010970
v -0.088814 0.137460 0.011003
v 0.060771 0.059447 0.011011
v -0.067245 0.033986 0.011078
v -0.062851 0.058946 0.011105
v -0.092913 0.118713 0.011142
v -0.049390 0.148280 0.011199
v 0.005150 0.033796 0.011215
v -0.041576 0.128858 0.011261
v -0.047253 0.134536 0.011393
v -0.055950 0.155955 0.011413
v 0.061038 0.064258 0.011522
v 0.004428 0.034141 0.011542
v -0.082581 0.076039 0.011598
v -0.069587 0.035167 0.011606
v -0.053750 0.056038 0.011620
v 0.016898 0.128677 0.011636
v 0.048343 0.042749 0.011727
v 0.002426 0.034128 0.011800
v -0.056152 0.046985 0.011882
v 0.058490 0.053097 0.011907
v 0.033732 0.035568 0.011908
v -0.053069 0.054978 0.011934
v -0.027366 0.125790 0.011946
v -0.088511 0.086438 0.012023
v -0.075985 0.067571 0.012032
v -0.089856 0.149513 0.012032
v -0.052567 0.033547 0.012365
v -0.089689 0.091381 0.012399
v -0.068648 0.060823 0.012402
v -0.051016 0.151649 0.012418
v -0.024522 0.037914 0.012429
v -0.086881 0.084323 0.012434
v -0.043803 0.129754 0.012449
v -0.034530 0.033758 0.012587
v 0.056271 0.049391 0.012600
v -0.088472 0.151566 0.012615
v -0.020888 0.127512 0.012664
v 0.045391 0.091104 0.012785
v -0.086563 0.108992 0.012805
v -0.092440 0.131275 0.012882
v 0.046557 0.076026 0.012891
v 0.047795 0.073525 0.012899
v -0.093250 0.127483 0.012928
v -0.085580 0.078984 0.013090
v -0.072516 0.064509 0.013110
v -0.036785 0.036236 0.013123
v -0.065585 0.041133 0.013181
v 0.005427 0.033677 0.013196
v -0.030573 0.125985 0.013208
v -0.032986 0.126916 0.013255
v 0.036462 0.036829 0.013294
v -0.038782 0.128079 0.013474
v -0.090042 0.144329 0.013617
v 0.044585 0.040776 0.013647
v -0.087563 0.110433 0.013660
v -0.054552 0.154630 0.013669
v -0.067753 0.037576 0.013735
v -0.070894 0.062561 0.013754
v -0.085838 0.153261 0.013766
v -0.061020 0.058337 0.013779
v -0.032597 0.033693 0.013791
v -0.047911 0.136142 0.013808
v 0.051587 0.045104 0.013838
v 0.048566 0.073483 0.013893
v -0.086713 0.081078 0.013904
v -0.019724 0.038146 0.013916
v -0.012127 0.129855 0.013939
v 0.022253 0.036583 0.013980
v -0.053211 0.033585 0.013987
v 0.024973 0.034691 0.014003
v -0.034540 0.033996 0.014027
v -0.051330 0.049812 0.014052
v 0.028015 0.121780 0.014236
v 0.004035 0.034040 0.014245
v -0.063255 0.041823 0.014328
v -0.074792 0.156215 0.014361
v -0.086695 0.107702 0.014474
v 0.008183 0.131521 0.014497
v -0.000713 0.035421 0.014527
v 0.030616 0.035211 0.014585
v -0.091180 0.148505 0.014621
v -0.090102 0.139758 0.014629
v -0.092644 0.115151 0.014637
v -0.059167 0.043729 0.014650
v 0.043075 0.099894 0.014677
v -0.090944 0.112815 0.014684
v -0.063672 0.034006 0.014688
v 0.059802 0.069807 0.014706
v -0.067134 0.060306 0.014713
v -0.065842 0.034614 0.014748
v -0.003824 0.038314 0.014785
v -0.051361 0.148921 0.014804
v -0.066851 0.035668 0.014812
v -0.090381 0.135558 0.014850
v 0.052408 0.073735 0.014880
v -0.089826 0.090897 0.014884
v -0.080952 0.071996 0.014894
v -0.008085 0.038385 0.014938
v -0.088174 0.087072 0.014949
v -0.012428 0.038245 0.014975
v -0.088682 0.103074 0.015008
v -0.002747 0.037703 0.015008
v -0.057873 0.155513 0.015052
v -0.055059 0.033533 0.015115
v -0.094183 0.120340 0.015175
v -0.075454 0.067203 0.015265
v 0.040153 0.106323 0.015338
v -0.052391 0.151567 0.015366
v -0.079493 0.070216 0.015478
v -0.035712 0.035892 0.015503
v 0.044550 0.094671 0.015541
v 0.019575 0.127355 0.015554
v -0.090764 0.150361 0.015662
v 0.046138 0.080463 0.015674
v -0.051137 0.055632 0.015700
v -0.026576 0.037753 0.015707
v -0.049832 0.053566 0.015728
v -0.043417 0.128423 0.015792
v 0.021446 0.036336 0.015861
v -0.089783 0.098455 0.015886
v 0.055184 0.073268 0.015892
v -0.082048 0.075184 0.015936
v -0.029930 0.034158 0.015990
v 0.060839 0.064976 0.016057
v -0.015193 0.038293 0.016064
v 0.046496 0.075110 0.016069
v -0.081735 0.154919 0.016074
v -0.067079 0.156304 0.016106
v 0.039471 0.038636 0.016109
v -0.091832 0.142109 0.016199
v 0.057257 0.072136 0.016236
v 0.047143 0.073601 0.016247
v -0.061187 0.155964 0.016285
v -0.051929 0.046452 0.016353
v 0.000857 0.131566 0.016373
v -0.089451 0.095087 0.016418
v 0.060304 0.058799 0.016420
v -0.086191 0.080053 0.016527
v -0.023498 0.038019 0.016538
v -0.050984 0.142943 0.016618
v -0.084812 0.077918 0.016641
v 0.007468 0.034306 0.016676
v -0.058865 0.058148 0.016710
v 0.005513 0.034179 0.016746
v 0.001249 0.034573 0.016751
v -0.093980 0.126814 0.016843
v -0.027258 0.125187 0.017096
v -0.063653 0.059646 0.017150
v -0.030340 0.125423 0.017172
v 0.023786 0.034650 0.017215
v -0.050199 0.048407 0.017229
v -0.072770 0.064102 0.017233
v 0.036685 0.111727 0.017324
v -0.034513 0.126564 0.017366
v 0.028070 0.035134 0.017405
v -0.086675 0.084358 0.017417
v -0.092256 0.132357 0.017438
v -0.052236 0.144746 0.017448
v 0.055903 0.049395 0.017458
v 0.021527 0.036015 0.017638
v -0.091483 0.145898 0.017681
v -0.029017 0.035341 0.017692
v -0.061653 0.039395 0.017713
v -0.090110 0.151301 0.017847
v -0.086889 0.105992 0.017889
v -0.049484 0.137951 0.017923
v -0.087226 0.110367 0.017936
v 0.016598 0.128583 0.017947
v -0.053835 0.032987 0.017951
v 0.011555 0.130541 0.017953
v -0.086435 0.108728 0.017958
v 0.000255 0.035539 0.017990
v 0.047791 0.042890 0.018024
v -0.090827 0.138320 0.018029
v -0.017555 0.128011 0.018043
v 0.008148 0.034817 0.018076
v -0.063719 0.035889 0.018077
v -0.041812 0.126894 0.018123
v -0.051568 0.045958 0.018134
v -0.057180 0.058203 0.018197
v -0.036918 0.126876 0.018227
v -0.079861 0.071525 0.018236
v 0.057939 0.052619 0.018268
v -0.054061 0.043663 0.018339
v 0.034108 0.115194 0.018441
v -0.011537 0.129609 0.018491
v -0.024103 0.125404 0.018519
v 0.010095 0.034771 0.018605
v 0.047426 0.072043 0.018628
v -0.054930 0.033611 0.018646
v 0.044182 0.041338 0.018663
v -0.061792 0.034213 0.018689
v -0.079019 0.155586 0.018729
v -0.052064 0.056157 0.018744
v 0.046204 0.073892 0.018752
v -0.050828 0.054440 0.018800
v -0.089032 0.088460 0.018814
v -0.043799 0.127340 0.018874
v -0.050482 0.048560 0.018890
v 0.006125 0.131274 0.018935
v -0.092100 0.114323 0.018978
v -0.005231 0.130640 0.019110
v -0.059486 0.033869 0.019145
v 0.018960 0.036126 0.019186
v -0.034302 0.033948 0.019223
v -0.086713 0.153123 0.019242
v -0.036189 0.035599 0.019269
v -0.054428 0.153682 0.019301
v -0.057536 0.155312 0.019320
v -0.057568 0.041255 0.019361
v -0.070511 0.063017 0.019365
v -0.068050 0.061794 0.019400
v -0.059564 0.039725 0.019423
v -0.093044 0.131370 0.019436
v -0.046428 0.132565 0.019469
v -0.001790 0.038380 0.019500
v 0.060019 0.065997 0.019512
v -0.094758 0.123960 0.019524
v -0.091691 0.148472 0.019541
v -0.074745 0.067548 0.019553
v -0.080954 0.074669 0.019559
v 0.024189 0.124451 0.019563
v -0.053361 0.033209 0.019630
v 0.051216 0.072866 0.019693
v 0.007063 0.034311 0.019711
v -0.090795 0.134932 0.019729
v 0.055334 0.049313 0.019750
v -0.032519 0.125249 0.019762
v -0.044188 0.126265 0.019836
v -0.052411 0.148528 0.019840
v 0.018205 0.127337 0.019846
v -0.058178 0.058972 0.019858
v -0.088444 0.101721 0.019877
v 0.054779 0.072380 0.019939
v 0.021324 0.034736 0.019964
v 0.029077 0.035985 0.019978
v -0.072409 0.156339 0.020017
v 0.045263 0.086356 0.020037
v -0.045075 0.129795 0.020085
v -0.054742 0.057675 0.020096
v 0.046026 0.079028 0.020097
v -0.085303 0.080347 0.020111
v -0.061461 0.037216 0.020174
v -0.053804 0.033861 0.020230
v 0.034751 0.037645 0.020307
v 0.058085 0.069640 0.020324
v -0.019278 0.038159 0.020345
v 0.030947 0.118589 0.020402
v -0.091464 0.141130 0.020449
v -0.094070 0.118960 0.020461
v 0.003791 0.034686 0.020463
v -0.059587 0.038435 0.020491
v -0.054601 0.043524 0.020542
v -0.052475 0.045628 0.020605
v -0.089494 0.093326 0.020660
v -0.028674 0.037592 0.020672
v -0.090801 0.139250 0.020685
v -0.091554 0.144472 0.020760
v -0.064096 0.060841 0.020820
v 0.049892 0.044992 0.020886
v 0.040547 0.040141 0.020935
v 0.058729 0.056463 0.020944
v 0.012413 0.034661 0.020994
v -0.053374 0.057496 0.021022
v -0.052121 0.056597 0.021063
v 0.002051 0.035802 0.021094
v -0.052430 0.141853 0.021125
v -0.032133 0.034045 0.021147
v -0.085719 0.083365 0.021156
v 0.045430 0.073079 0.021187
v -0.059202 0.040782 0.021193
v -0.052887 0.033430 0.021308
v 0.010156 0.034724 0.021325
v -0.057553 0.058875 0.021346
v -0.062432 0.034699 0.021395
v 0.013279 0.034380 0.021424
v -0.051340 0.053952 0.021447
v -0.030712 0.034674 0.021587
v 0.014323 0.034425 0.021593
v -0.061698 0.156019 0.021623
v 0.059069 0.059523 0.021719
v -0.050167 0.136886 0.021875
v -0.077580 0.070536 0.021933
v 0.056723 0.052644 0.021941
v -0.000299 0.038564 0.021945
v 0.043275 0.096489 0.021954
v 0.017848 0.034632 0.022058
v -0.001251 0.130450 0.022063
v -0.014990 0.038280 0.022126
v 0.039433 0.105920 0.022155
v -0.007022 0.038490 0.022189
v 0.046526 0.070329 0.022236
v -0.089239 0.151011 0.022339
v -0.094247 0.126916 0.022353
v -0.043384 0.124469 0.022388
v 0.024039 0.035230 0.022405
v -0.038108 0.125366 0.022420
v -0.054807 0.033770 0.022427
v 0.045169 0.070990 0.022504
v -0.053159 0.145421 0.022522
v 0.037205 0.109799 0.022544
v -0.081824 0.076521 0.022614
v 0.044097 0.092150 0.022651
v 0.012859 0.034588 0.022676
v 0.053126 0.071216 0.022685
v -0.064044 0.035212 0.022704
v 0.009810 0.130054 0.022728
v -0.084075 0.080938 0.022741
v -0.052738 0.057931 0.022764
v 0.058594 0.064975 0.022766
v -0.028334 0.037603 0.022789
v -0.088460 0.090162 0.022878
v -0.088490 0.096965 0.022983
v -0.072094 0.066554 0.023048
v -0.086959 0.111999 0.023049
v 0.003072 0.130558 0.023068
v -0.028613 0.122233 0.023076
v -0.065269 0.156213 0.023117
v 0.022141 0.125112 0.023118
v -0.046580 0.130809 0.023119
v -0.089945 0.135690 0.023133
v -0.086371 0.085420 0.023141
v -0.052045 0.050284 0.023143
v -0.018149 0.126291 0.023151
v -0.058589 0.060305 0.023153
v -0.061417 0.040402 0.023181
v -0.056094 0.059701 0.023213
v -0.091535 0.145199 0.023217
v -0.008510 0.129483 0.023253
v -0.026500 0.122864 0.023299
v -0.025655 0.038017 0.023315
v 0.006281 0.034820 0.023325
v 0.051069 0.047332 0.023403
v 0.041047 0.100823 0.023498
v 0.044721 0.085464 0.023502
v -0.045464 0.126086 0.023508
v 0.033722 0.114835 0.023594
v 0.042816 0.042242 0.023609
v -0.012777 0.128193 0.023624
v -0.030155 0.036091 0.023702
v -0.061763 0.038716 0.023717
v -0.074041 0.155913 0.023811
v -0.068173 0.156299 0.023866
v 0.004226 0.036422 0.023882
v 0.031673 0.038019 0.023900
v -0.053708 0.146274 0.023952
v -0.092548 0.116996 0.024064
v 0.050004 0.070309 0.024081
v -0.054022 0.059404 0.024083
v -0.089808 0.139650 0.024100
v -0.094338 0.121768 0.024112
v -0.056259 0.154360 0.024167
v 0.045685 0.043838 0.024170
v -0.035602 0.034091 0.024196
v -0.036941 0.035322 0.024253
v -0.086767 0.101807 0.024276
v -0.064537 0.035353 0.024288
v -0.054046 0.046717 0.024318
v -0.090896 0.148097 0.024327
v 0.056089 0.054807 0.024366
v -0.082241 0.078067 0.024377
v -0.038280 0.035429 0.024381
v 0.018720 0.125713 0.024436
v 0.045045 0.068540 0.024606
v -0.080113 0.154688 0.024708
v 0.039269 0.040900 0.024742
v -0.064679 0.037840 0.024743
v 0.054888 0.068826 0.024757
v -0.070616 0.156068 0.024761
v -0.064632 0.062721 0.024823
v -0.084201 0.109032 0.024874
v -0.084111 0.107714 0.024880
v -0.051869 0.033677 0.024966
v 0.015525 0.127531 0.024993
v -0.031395 0.122054 0.025005
v -0.054345 0.152490 0.025017
v 0.002775 0.038587 0.025064
v 0.028650 0.037850 0.025089
v -0.053654 0.150766 0.025123
v -0.053387 0.047837 0.025166
v -0.020656 0.123968 0.025179
v -0.063077 0.034309 0.025181
v 0.042779 0.094883 0.025212
v -0.046054 0.125309 0.025269
v 0.044284 0.080086 0.025274
v -0.086409 0.152020 0.025314
v -0.005506 0.129364 0.025449
v -0.075150 0.069487 0.025502
v -0.092452 0.130847 0.025510
v -0.052168 0.055962 0.025572
v -0.060415 0.043441 0.025667
v 0.010103 0.034725 0.025694
v -0.042860 0.122483 0.025698
v 0.017502 0.034847 0.025715
v -0.087178 0.090958 0.025738
v -0.010815 0.038485 0.025792
v 0.056766 0.062669 0.025846
v 0.026674 0.120690 0.025865
v -0.049595 0.134303 0.025867
v 0.030144 0.117911 0.025888
v -0.084123 0.105961 0.025906
v -0.062317 0.155437 0.025954
v -0.034955 0.122952 0.025958
v -0.053000 0.059518 0.025970
v -0.063955 0.040417 0.026211
v -0.010121 0.127916 0.026212
v -0.085077 0.085830 0.026219
v 0.055178 0.066117 0.026229
v -0.032808 0.034560 0.026270
v 0.043308 0.069829 0.026304
v -0.058595 0.034143 0.026364
v -0.020620 0.038356 0.026367
v -0.084072 0.081407 0.026401
v -0.024381 0.122330 0.026421
v -0.088769 0.136866 0.026470
v -0.057352 0.061623 0.026471
v -0.014898 0.126164 0.026489
v 0.038521 0.105343 0.026508
v -0.064162 0.039106 0.026519
v -0.042804 0.033868 0.026575
v 0.048757 0.047755 0.026589
v -0.000868 0.129141 0.026618
v -0.068474 0.065585 0.026621
v 0.007949 0.129081 0.026629
v 0.043174 0.067002 0.026662
v 0.008976 0.035482 0.026685
v -0.046043 0.121823 0.026687
v -0.091043 0.142444 0.026701
v 0.043492 0.075465 0.026705
v 0.000734 0.038959 0.026756
v -0.084284 0.110715 0.026769
v -0.035264 0.034156 0.026792
v -0.065600 0.036734 0.026800
v -0.053843 0.143001 0.026825
v 0.031121 0.039868 0.026843
v -0.063470 0.042022 0.026858
v -0.018682 0.038409 0.026865
v -0.054101 0.060796 0.026876
v -0.052446 0.051047 0.026899
v -0.041896 0.033668 0.026940
v 0.053615 0.053759 0.026941
v -0.090653 0.145391 0.026990
v -0.052868 0.034262 0.027013
v 0.043711 0.065413 0.027039
v -0.079432 0.075634 0.027057
v -0.052670 0.137724 0.027072
v -0.054656 0.147658 0.027108
v 0.035006 0.110762 0.027142
v -0.038473 0.034195 0.027205
v 0.052222 0.066706 0.027247
v -0.055826 0.153324 0.027351
v -0.045718 0.120705 0.027439
v -0.075472 0.155049 0.027466
v -0.077317 0.072555 0.027491
v 0.017977 0.124655 0.027533
v -0.030233 0.037713 0.027583
v 0.043175 0.085307 0.027589
v -0.059419 0.154614 0.027620
v -0.038611 0.122507 0.027678
v 0.047838 0.066410 0.027691
v 0.020778 0.035247 0.027731
v 0.043331 0.045013 0.027842
v 0.035539 0.041684 0.027861
v -0.085570 0.098376 0.027864
v -0.045703 0.033826 0.027885
v -0.055053 0.047685 0.027965
v -0.031964 0.035773 0.027978
v 0.022322 0.036171 0.027986
v -0.091303 0.117638 0.027995
v -0.089954 0.115656 0.027997
v 0.051144 0.052442 0.028129
v 0.013606 0.126913 0.028157
v 0.004494 0.039153 0.028171
v 0.039435 0.099853 0.028201
v -0.060845 0.044896 0.028201
v 0.031924 0.041695 0.028218
v -0.022625 0.038343 0.028348
v -0.048341 0.129792 0.028352
v -0.081823 0.109012 0.028382
v -0.089039 0.138098 0.028396
v -0.027392 0.120191 0.028401
v 0.013296 0.034788 0.028406
v -0.087807 0.113869 0.028425
v -0.065908 0.038371 0.028427
v -0.002990 0.038859 0.028441
v -0.051853 0.055150 0.028445
v 0.053520 0.056677 0.028476
v -0.040869 0.034255 0.028796
v -0.092535 0.121688 0.028932
v 0.039177 0.043545 0.028970
v -0.065553 0.034741 0.029058
v -0.048168 0.120899 0.029060
v -0.066410 0.036444 0.029080
v -0.052562 0.060929 0.029086
v -0.055909 0.034240 0.029111
v -0.031608 0.119513 0.029120
v -0.053712 0.049099 0.029135
v 0.053059 0.060937 0.029147
v 0.011576 0.035321 0.029158
v 0.025270 0.038231 0.029163
v -0.018239 0.123262 0.029199
v -0.065234 0.040820 0.029347
v -0.029444 0.037965 0.029357
v -0.007879 0.038775 0.029380
v 0.041424 0.061213 0.029438
v -0.015453 0.038592 0.029484
v -0.055814 0.151947 0.029490
v -0.081696 0.079302 0.029497
v 0.049131 0.063663 0.029504
v -0.043104 0.034341 0.029512
v -0.082287 0.110509 0.029515
v 0.040692 0.063405 0.029560
v -0.065499 0.039876 0.029572
v -0.092572 0.126501 0.029579
v -0.064970 0.154779 0.029598
v -0.085838 0.112385 0.029636
v 0.007205 0.039143 0.029638
v -0.055175 0.141210 0.029647
v -0.083868 0.089224 0.029671
v -0.080862 0.107342 0.029683
v 0.022150 0.122006 0.029706
v -0.049200 0.034411 0.029708
v -0.010076 0.125949 0.029738
v -0.058621 0.063166 0.029744
v -0.055533 0.147347 0.029754
v -0.036213 0.120160 0.029845
v -0.004212 0.127278 0.029853
v 0.040882 0.067402 0.029862
v -0.084428 0.094802 0.029867
v -0.089739 0.134185 0.029906
v -0.029686 0.118686 0.029961
v -0.048138 0.125359 0.029968
v -0.047951 0.118897 0.030033
v -0.057125 0.047500 0.030235
v -0.080718 0.152855 0.030245
v -0.089693 0.141462 0.030260
v -0.053758 0.062421 0.030262
v -0.080889 0.105588 0.030304
v 0.033102 0.046115 0.030357
v 0.046131 0.049347 0.030370
v -0.072013 0.154518 0.030398
v 0.027940 0.116496 0.030418
v -0.082802 0.083225 0.030461
v -0.071581 0.069395 0.030479
v 0.049952 0.060730 0.030514
v 0.036592 0.103240 0.030549
v -0.050388 0.131606 0.030551
v -0.025386 0.038419 0.030601
v -0.040277 0.119052 0.030607
v 0.013210 0.125342 0.030718
v -0.045520 0.034535 0.030729
v -0.053300 0.135562 0.030770
v 0.009143 0.038235 0.030876
v 0.040667 0.089617 0.030880
v -0.042932 0.118232 0.030895
v 0.030536 0.044468 0.030936
v -0.055635 0.144102 0.030938
v 0.039463 0.061032 0.030953
v -0.048680 0.118850 0.030967
v 0.045665 0.060867 0.030990
v -0.066731 0.037761 0.031014
v 0.025559 0.117549 0.031024
v 0.038479 0.045852 0.031045
v 0.027623 0.040946 0.031053
v -0.013773 0.124221 0.031134
v -0.087829 0.147013 0.031188
v -0.055718 0.138478 0.031211
v 0.040969 0.072971 0.031222
v 0.030639 0.113080 0.031226
v -0.057993 0.153205 0.031230
v 0.038575 0.056210 0.031260
v -0.065601 0.066400 0.031295
v -0.069305 0.154263 0.031360
v 0.016493 0.122293 0.031423
v 0.025911 0.039627 0.031438
v 0.035101 0.050166 0.031444
v -0.020263 0.121238 0.031444
v 0.041137 0.081273 0.031493
v 0.019898 0.121832 0.031510
v -0.085785 0.149502 0.031524
v 0.037816 0.056724 0.031536
v -0.024718 0.119051 0.031547
v -0.032970 0.117425 0.031579
v -0.067042 0.035741 0.031610
v -0.052070 0.050781 0.031620
v -0.047362 0.116767 0.031709
v 0.001756 0.125927 0.031722
v 0.041878 0.047531 0.031737
v -0.051920 0.062475 0.031737
v 0.046263 0.052011 0.031744
v -0.018354 0.038701 0.031746
v -0.050923 0.058655 0.031768
v 0.041166 0.056595 0.031776
v -0.088638 0.144679 0.031785
v -0.091637 0.129225 0.031831
v 0.046327 0.058784 0.031865
v -0.027393 0.117278 0.031887
v -0.060365 0.034318 0.031936
v 0.040882 0.085568 0.031944
v 0.047164 0.056211 0.031982
v -0.092009 0.116767 0.032022
v -0.080036 0.108977 0.032129
v -0.083684 0.110937 0.032172
v -0.077197 0.076874 0.032182
v 0.039679 0.048496 0.032212
v -0.035008 0.034749 0.032239
v -0.049463 0.120838 0.032293
v -0.063114 0.045075 0.032293
v -0.065240 0.040280 0.032313
v 0.034685 0.051832 0.032337
v -0.078905 0.107423 0.032373
v -0.050006 0.124292 0.032424
v -0.057056 0.137589 0.032521
v -0.081797 0.151281 0.032523
v 0.044730 0.053914 0.032583
v -0.036439 0.115290 0.032666
v 0.038976 0.094425 0.032753
v -0.058010 0.147723 0.032768
v 0.041841 0.050863 0.032769
v -0.050890 0.052174 0.032770
v -0.032375 0.037361 0.032777
v 0.013803 0.034752 0.032843
v 0.019506 0.035213 0.032844
v 0.005240 0.125009 0.032866
v -0.036446 0.034439 0.032875
v 0.010110 0.036650 0.032889
v 0.021013 0.120026 0.032946
v -0.057939 0.047831 0.032955
v -0.053741 0.049089 0.033059
v -0.028080 0.038597 0.033096
v -0.089768 0.137686 0.033103
v -0.064556 0.034380 0.033134
v -0.051268 0.128966 0.033143
v -0.092629 0.124026 0.033150
v 0.013341 0.122882 0.033180
v -0.059079 0.141471 0.033198
v -0.061118 0.153064 0.033268
v 0.028075 0.113450 0.033298
v -0.050209 0.034491 0.033306
v -0.081172 0.091557 0.033344
v -0.051421 0.116187 0.033367
v 0.032303 0.049802 0.033371
v 0.011270 0.035260 0.033379
v 0.039497 0.065630 0.033389
v 0.008869 0.038201 0.033492
v -0.056050 0.064749 0.033523
v 0.006167 0.039446 0.033553
v -0.058067 0.150560 0.033584
v -0.089975 0.132674 0.033591
v -0.031011 0.038219 0.033644
v -0.005154 0.124252 0.033649
v -0.025781 0.115463 0.033662
v -0.090230 0.113745 0.033694
v -0.022874 0.117950 0.033790
v -0.061082 0.066283 0.033851
v 0.000479 0.123974 0.033854
v -0.030759 0.114907 0.033862
v -0.008626 0.123567 0.033883
v -0.064874 0.043054 0.033911
v -0.073646 0.073574 0.033917
v -0.080642 0.096658 0.033953
v -0.052896 0.117019 0.033989
v -0.049890 0.061235 0.033995
v -0.050661 0.063424 0.034077
v 0.030026 0.109936 0.034081
v -0.089485 0.140265 0.034154
v 0.034639 0.054401 0.034157
v -0.040053 0.114789 0.034163
v -0.077306 0.152186 0.034196
v -0.060753 0.138919 0.034200
v 0.023912 0.115043 0.034207
v 0.035337 0.100250 0.034217
v -0.092954 0.118539 0.034278
v -0.034843 0.034846 0.034300
v 0.039451 0.081360 0.034363
v -0.085037 0.148205 0.034373
v -0.040751 0.034482 0.034378
v 0.038648 0.074225 0.034508
v -0.077644 0.107817 0.034516
v -0.064793 0.152850 0.034531
v 0.022251 0.037381 0.034546
v -0.049212 0.055846 0.034579
v -0.066707 0.038041 0.034584
v -0.017726 0.119734 0.034589
v -0.065982 0.034954 0.034617
v -0.052878 0.049084 0.034662
v -0.060398 0.151752 0.034737
v -0.074595 0.152369 0.034747
v -0.052377 0.065011 0.034765
v 0.003571 0.039437 0.034777
v 0.008738 0.122862 0.034842
v -0.076673 0.104799 0.034846
v 0.024934 0.040148 0.034860
v 0.038507 0.088441 0.034889
v -0.062773 0.067804 0.034891
v -0.069614 0.152655 0.034953
v -0.060424 0.136887 0.034997
v -0.088429 0.112135 0.035030
v -0.080927 0.109651 0.035151
v 0.015046 0.119362 0.035212
v -0.054129 0.113506 0.035279
v 0.031643 0.104851 0.035288
v -0.059956 0.142100 0.035348
v -0.051921 0.049309 0.035391
v -0.005018 0.039252 0.035462
v 0.011248 0.120718 0.035488
v -0.052386 0.124449 0.035534
v 0.028269 0.045460 0.035557
v -0.078237 0.082362 0.035602
v -0.044539 0.034607 0.035671
v -0.059616 0.149362 0.035683
v -0.000130 0.039558 0.035725
v -0.056454 0.113890 0.035740
v -0.018276 0.039020 0.035758
v -0.009319 0.121504 0.035795
v -0.070279 0.072512 0.035796
v -0.047974 0.112552 0.035799
v -0.079261 0.085593 0.035825
v -0.052502 0.122126 0.035865
v 0.036350 0.059989 0.035889
v -0.003037 0.122486 0.035898
v 0.037491 0.092849 0.035941
v 0.018981 0.116594 0.035951
v -0.049596 0.051048 0.035993
v 0.004956 0.120699 0.035999
v -0.057238 0.133533 0.036000
v -0.029090 0.038510 0.036081
v -0.062670 0.137686 0.036104
v -0.056353 0.115262 0.036192
v -0.058664 0.112054 0.036210
v 0.008538 0.034857 0.036286
v -0.029770 0.054359 0.036304
v -0.055358 0.048866 0.036306
v 0.029637 0.049293 0.036306
v -0.061039 0.113253 0.036327
v -0.028631 0.053646 0.036384
v -0.036175 0.110505 0.036386
v -0.026015 0.112578 0.036387
v -0.048372 0.063904 0.036405
v -0.060034 0.144691 0.036431
v -0.011196 0.039239 0.036443
v -0.016576 0.117549 0.036458
v -0.060350 0.047121 0.036483
v -0.054768 0.034452 0.036485
v -0.035422 0.034452 0.036566
v -0.014058 0.119503 0.036573
v -0.051013 0.066732 0.036581
v -0.051319 0.034581 0.036661
v -0.028469 0.059152 0.036689
v -0.003910 0.039484 0.036824
v -0.074290 0.105354 0.036846
v -0.019361 0.116248 0.036855
v -0.047577 0.053613 0.036903
v -0.054126 0.049139 0.036963
v 0.021610 0.112094 0.036982
v -0.038573 0.109376 0.036990
v -0.092055 0.115735 0.037010
v -0.076586 0.097526 0.037084
v -0.027298 0.054291 0.037094
v -0.062907 0.139994 0.037096
v -0.042079 0.110951 0.037101
v -0.060906 0.147180 0.037107
v 0.012694 0.115907 0.037120
v -0.062134 0.110643 0.037261
v -0.087634 0.142885 0.037265
v 0.027673 0.108480 0.037301
v 0.004812 0.034868 0.037322
v -0.072874 0.106548 0.037326
v -0.075878 0.108299 0.037345
v -0.056799 0.068094 0.037353
v -0.081211 0.148684 0.037388
v -0.090107 0.132721 0.037428
v -0.089046 0.139584 0.037444
v -0.068470 0.151120 0.037456
v -0.028552 0.052365 0.037462
v -0.064547 0.110889 0.037474
v -0.055687 0.128324 0.037482
v -0.068110 0.108134 0.037486
v 0.007253 0.118666 0.037492
v -0.028615 0.062595 0.037510
v -0.032143 0.051656 0.037514
v -0.070944 0.109068 0.037521
v -0.062504 0.045377 0.037524
v -0.063566 0.112408 0.037544
v 0.017180 0.034938 0.037546
v -0.051771 0.049017 0.037592
v 0.033144 0.098698 0.037597
v -0.084449 0.110356 0.037598
v -0.064354 0.042442 0.037653
v -0.051732 0.110026 0.037660
v 0.015864 0.114101 0.037660
v 0.035742 0.070397 0.037690
v -0.032805 0.056570 0.037691
v -0.047040 0.051198 0.037713
v -0.066421 0.036780 0.037772
v -0.073025 0.102988 0.037793
v -0.065483 0.035138 0.037821
v -0.049627 0.048950 0.037850
v 0.026190 0.045429 0.037866
v 0.019594 0.036034 0.037881
v -0.027320 0.062242 0.037896
v -0.026510 0.038978 0.037938
v -0.015079 0.039175 0.037961
v -0.065727 0.108656 0.037975
v -0.077512 0.087949 0.038005
v -0.061196 0.115405 0.038012
v 0.035985 0.065069 0.038030
v 0.036380 0.074385 0.038037
v -0.064378 0.148503 0.038157
v -0.073264 0.108707 0.038213
v 0.027542 0.104725 0.038229
v -0.068088 0.110127 0.038231
v -0.091230 0.129107 0.038253
v 0.035730 0.083314 0.038295
v 0.027189 0.050958 0.038296
v -0.067087 0.150126 0.038310
v -0.050771 0.069820 0.038310
v 0.036116 0.077874 0.038322
v -0.005147 0.119042 0.038335
v -0.063581 0.142582 0.038336
v -0.063602 0.145751 0.038338
v 0.024165 0.040957 0.038376
v 0.021743 0.037897 0.038385
v -0.056392 0.118768 0.038499
v -0.026237 0.057786 0.038546
v -0.062409 0.133607 0.038547
v 0.024255 0.108506 0.038548
v -0.036284 0.052737 0.038553
v -0.079660 0.109282 0.038564
v 0.002068 0.034809 0.038609
v -0.037322 0.105580 0.038639
v -0.022674 0.039131 0.038641
v 0.019134 0.110576 0.038644
v -0.023129 0.112186 0.038644
v 0.013217 0.112695 0.038715
v 0.011020 0.113843 0.038719
v 0.031968 0.056308 0.038749
v -0.054924 0.070190 0.038754
v 0.034478 0.094697 0.038772
v -0.015844 0.114601 0.038775
v -0.065142 0.112262 0.038792
v -0.032605 0.062457 0.038838
v -0.032265 0.034414 0.038865
v -0.055597 0.048251 0.038872
v -0.047589 0.048642 0.038883
v -0.045408 0.060751 0.038893
v -0.030949 0.051327 0.038909
v -0.035882 0.049071 0.038984
v -0.028950 0.068227 0.039018
v -0.006584 0.117341 0.039055
v -0.072517 0.080519 0.039058
v -0.043426 0.052155 0.039065
v -0.032262 0.107529 0.039077
v -0.074946 0.096621 0.039090
v 0.000784 0.118393 0.039126
v -0.030929 0.067338 0.039163
v -0.048328 0.068302 0.039190
v -0.028150 0.108315 0.039203
v -0.092336 0.126249 0.039208
v -0.039629 0.052709 0.039342
v 0.035522 0.089671 0.039352
v 0.023807 0.047932 0.039357
v -0.034673 0.059428 0.039379
v -0.093338 0.121547 0.039417
v -0.057785 0.128025 0.039418
v -0.064035 0.134523 0.039429
v -0.047844 0.108222 0.039441
v 0.008076 0.034522 0.039454
v 0.033216 0.060223 0.039461
v -0.044121 0.058507 0.039489
v 0.034164 0.064514 0.039538
v -0.009020 0.116522 0.039568
v 0.024737 0.050967 0.039615
v -0.052694 0.107416 0.039633
v -0.026035 0.052289 0.039644
v -0.054728 0.107597 0.039685
v -0.001902 0.034888 0.039685
v -0.041036 0.049066 0.039698
v -0.049986 0.105353 0.039707
v -0.045285 0.066514 0.039782
v -0.070863 0.100742 0.039787
v -0.019605 0.111806 0.039803
v 0.023507 0.105200 0.039813
v 0.010747 0.034577 0.039821
v 0.018486 0.108570 0.039832
v -0.015020 0.039529 0.039871
v -0.056346 0.123749 0.039876
v -0.035979 0.047234 0.039877
v -0.058348 0.047242 0.039901
v -0.026193 0.064962 0.039928
v -0.089993 0.113377 0.039940
v 0.020468 0.107668 0.039974
v -0.044138 0.047709 0.039988
v -0.002106 0.116980 0.040004
v -0.077308 0.148504 0.040009
v 0.023953 0.043711 0.040039
v -0.027387 0.069038 0.040080
v 0.005932 0.115069 0.040087
v -0.063537 0.034747 0.040159
v 0.029537 0.100477 0.040199
v -0.061020 0.129227 0.040226
v -0.063482 0.114487 0.040239
v -0.042061 0.059077 0.040311
v -0.073844 0.148838 0.040322
v -0.033266 0.049324 0.040340
v 0.032536 0.068876 0.040341
v -0.040310 0.103031 0.040362
v 0.008798 0.108788 0.040364
v -0.029977 0.074078 0.040378
v -0.062940 0.074235 0.040418
v -0.084810 0.143421 0.040426
v -0.038938 0.058585 0.040429
v -0.060582 0.118500 0.040493
v -0.005269 0.035024 0.040511
v 0.032815 0.073931 0.040538
v 0.021895 0.048620 0.040572
v -0.032031 0.073165 0.040587
v -0.092592 0.117504 0.040694
v -0.035038 0.103111 0.040721
v -0.043307 0.106182 0.040730
v 0.014402 0.108621 0.040745
v 0.010437 0.107667 0.040785
v -0.028125 0.072552 0.040808
v -0.060298 0.045969 0.040815
v -0.067694 0.078860 0.040840
v -0.066171 0.145302 0.040874
v -0.064999 0.137646 0.040909
v -0.048204 0.072327 0.040944
v -0.051503 0.103294 0.040957
v 0.019909 0.037581 0.040960
v -0.087982 0.138183 0.040966
v -0.030914 0.077718 0.041023
v -0.038322 0.043958 0.041027
v 0.025947 0.102311 0.041041
v -0.017349 0.110376 0.041041
v -0.059050 0.073273 0.041069
v -0.029814 0.034518 0.041080
v -0.060826 0.034513 0.041099
v -0.041829 0.062352 0.041108
v -0.067023 0.101128 0.041128
v -0.087712 0.111975 0.041172
v -0.048145 0.102655 0.041178
v -0.046512 0.034600 0.041208
v -0.042158 0.034779 0.041225
v -0.031305 0.080074 0.041234
v 0.015230 0.035108 0.041300
v 0.030441 0.063373 0.041307
v -0.036447 0.063028 0.041326
v -0.057638 0.104692 0.041376
v -0.034391 0.068991 0.041376
v 0.028539 0.057777 0.041404
v -0.072730 0.091950 0.041417
v -0.039599 0.043108 0.041431
v 0.021359 0.040350 0.041446
v -0.054905 0.047165 0.041458
v -0.041895 0.067865 0.041474
v -0.008430 0.034912 0.041483
v -0.028633 0.051099 0.041500
v 0.029704 0.070974 0.041544
v 0.017451 0.036074 0.041573
v -0.045100 0.104107 0.041581
v -0.049074 0.046040 0.041591
v -0.024059 0.052356 0.041601
v -0.036517 0.067267 0.041618
v 0.007649 0.106242 0.041623
v 0.033395 0.080386 0.041634
v -0.038545 0.034740 0.041661
v -0.060630 0.103537 0.041683
v -0.033060 0.081572 0.041688
v -0.070739 0.086020 0.041689
v -0.083958 0.110862 0.041756
v -0.040882 0.044580 0.041762
v -0.064158 0.035544 0.041763
v -0.054403 0.074553 0.041782
v -0.039544 0.066113 0.041796
v 0.024201 0.103264 0.041800
v -0.062612 0.077378 0.041831
v -0.037439 0.100292 0.041864
v -0.090072 0.129594 0.041871
v -0.024028 0.058332 0.041889
v -0.029220 0.103410 0.041898
v 0.003454 0.034575 0.041910
v -0.041134 0.097571 0.041936
v -0.064900 0.101480 0.041942
v -0.035739 0.077466 0.041950
v -0.000258 0.113372 0.041961
v -0.032162 0.085237 0.041990
v 0.004494 0.105975 0.042010
v -0.044848 0.071090 0.042026
v -0.046604 0.074707 0.042042
v -0.052070 0.046493 0.042048
v -0.038150 0.042769 0.042055
v -0.039438 0.073359 0.042060
v -0.043220 0.081684 0.042067
v -0.069723 0.090471 0.042071
v -0.063741 0.038059 0.042086
v -0.035933 0.072916 0.042127
v -0.070165 0.095574 0.042132
v 0.025771 0.055291 0.042147
v -0.041196 0.094002 0.042150
v -0.004900 0.111956 0.042157
v 0.032407 0.083314 0.042174
v -0.039260 0.039272 0.042177
v -0.045222 0.078181 0.042183
v -0.042194 0.043454 0.042192
v -0.018779 0.106969 0.042214
v -0.043574 0.100660 0.042219
v -0.052851 0.100380 0.042224
v 0.023359 0.052447 0.042247
v -0.039756 0.096247 0.042275
v -0.061126 0.125195 0.042281
v -0.064533 0.097875 0.042281
v -0.060961 0.122176 0.042284
v 0.018408 0.048049 0.042296
v 0.003524 0.110665 0.042323
v -0.051080 0.073984 0.042336
v 0.030487 0.094040 0.042338
v -0.065079 0.132371 0.042347
v 0.021456 0.104689 0.042366
v -0.030702 0.083537 0.042368
v 0.033070 0.088416 0.042401
v -0.046336 0.099489 0.042439
v -0.025818 0.051206 0.042454
v -0.067639 0.093225 0.042480
v -0.030330 0.050056 0.042514
v -0.012651 0.035056 0.042526
v -0.041948 0.084821 0.042541
v -0.062351 0.118127 0.042551
v -0.010180 0.110516 0.042577
v -0.042671 0.089570 0.042578
v -0.062050 0.126815 0.042581
v -0.041282 0.087924 0.042585
v 0.031868 0.076297 0.042593
v -0.025032 0.104283 0.042594
v -0.058104 0.075609 0.042597
v -0.029812 0.079091 0.042613
v -0.068032 0.145011 0.042627
v 0.019782 0.044967 0.042638
v -0.092411 0.120229 0.042644
v -0.060519 0.044454 0.042646
v -0.037561 0.078804 0.042661
v -0.033992 0.086887 0.042701
v -0.034501 0.085443 0.042772
v -0.043048 0.074376 0.042774
v -0.062125 0.041515 0.042814
v -0.040137 0.035952 0.042842
v -0.066541 0.141636 0.042842
v -0.078402 0.145886 0.042849
v 0.027083 0.097277 0.042853
v -0.061873 0.097740 0.042899
v -0.011741 0.034788 0.042914
v 0.027404 0.070161 0.042955
v -0.039763 0.080395 0.042963
v -0.059227 0.097957 0.042965
v -0.044886 0.090518 0.042994
v -0.000022 0.108085 0.042996
v 0.010287 0.034854 0.043010
v -0.015698 0.103539 0.043025
v -0.041706 0.040201 0.043068
v -0.014302 0.106726 0.043093
v -0.035393 0.098024 0.043122
v -0.055781 0.100471 0.043158
v -0.038782 0.036992 0.043158
v -0.091694 0.124232 0.043164
v -0.007039 0.109666 0.043175
v -0.060660 0.080900 0.043199
v -0.028835 0.099651 0.043242
v 0.029545 0.073764 0.043252
v -0.073751 0.110088 0.043253
v -0.035690 0.089282 0.043272
v -0.041367 0.077753 0.043310
v 0.016299 0.036651 0.043320
v -0.072895 0.146151 0.043324
v -0.020268 0.102958 0.043337
v 0.011344 0.106059 0.043348
v -0.045294 0.043482 0.043362
v -0.045740 0.094904 0.043392
v 0.029390 0.083994 0.043414
v 0.016173 0.046112 0.043462
v -0.026218 0.034718 0.043479
v -0.038054 0.090260 0.043507
v -0.023336 0.051035 0.043521
v -0.043824 0.085926 0.043528
v -0.036505 0.081626 0.043530
v -0.049771 0.099412 0.043534
v -0.046414 0.081628 0.043541
v -0.053832 0.095908 0.043541
v -0.069819 0.111029 0.043542
v -0.067077 0.084163 0.043550
v -0.016978 0.103159 0.043565
v -0.030532 0.086866 0.043584
v -0.010003 0.103639 0.043585
v 0.017171 0.038799 0.043586
v 0.027363 0.060286 0.043615
v -0.039600 0.082986 0.043618
v -0.077417 0.109797 0.043638
v -0.015291 0.034809 0.043646
v -0.057122 0.045377 0.043662
v 0.017412 0.048945 0.043680
v -0.061048 0.035001 0.043741
v -0.025808 0.095761 0.043755
v 0.001132 0.103460 0.043756
v -0.005812 0.102456 0.043758
v 0.027671 0.063622 0.043764
v -0.058881 0.084215 0.043771
v 0.018310 0.042628 0.043785
v -0.063875 0.081595 0.043790
v -0.012831 0.101056 0.043844
v -0.035584 0.034761 0.043851
v -0.057394 0.078936 0.043882
v 0.024468 0.056763 0.043911
v -0.032023 0.099190 0.043930
v -0.022468 0.102356 0.043937
v 0.013578 0.045959 0.043947
v -0.052110 0.079769 0.043953
v 0.028657 0.089800 0.043956
v -0.048964 0.077677 0.043957
v -0.023184 0.034849 0.043981
v -0.029586 0.089371 0.043990
v -0.002769 0.106820 0.043991
v -0.085348 0.139029 0.043996
v -0.008966 0.101744 0.043997
v -0.003416 0.101221 0.044001
v -0.051535 0.092228 0.044010
v -0.037810 0.086452 0.044014
v -0.007432 0.106870 0.044033
v 0.015352 0.047478 0.044038
v -0.048504 0.043099 0.044068
v -0.036848 0.093781 0.044091
v -0.048528 0.082044 0.044099
v -0.048387 0.091684 0.044103
v -0.067076 0.089188 0.044107
v -0.029031 0.092102 0.044108
v -0.048080 0.034998 0.044112
v 0.016998 0.043657 0.044121
v -0.026283 0.100079 0.044123
v -0.000867 0.103182 0.044130
v -0.017820 0.099088 0.044160
v -0.050829 0.034659 0.044207
v 0.006167 0.034946 0.044215
v 0.013213 0.036191 0.044225
v -0.043390 0.036239 0.044235
v -0.066720 0.135117 0.044269
v -0.057629 0.086085 0.044302
v -0.021843 0.052314 0.044303
v 0.027912 0.093377 0.044342
v -0.083464 0.111800 0.044425
v 0.002472 0.101598 0.044428
v -0.055522 0.034601 0.044440
v -0.001488 0.034613 0.044489
v -0.029458 0.085509 0.044508
v -0.032831 0.096213 0.044531
v -0.034782 0.045546 0.044538
v -0.034269 0.090964 0.044541
v -0.089197 0.115423 0.044544
v -0.031998 0.094446 0.044547
v -0.006183 0.101142 0.044575
v -0.051553 0.082777 0.044578
v -0.019368 0.098602 0.044584
v 0.004874 0.102392 0.044589
v -0.000178 0.101409 0.044599
v -0.022465 0.062886 0.044627
v -0.014325 0.099907 0.044636
v -0.062443 0.122262 0.044661
v -0.046565 0.084486 0.044682
v 0.010856 0.044921 0.044701
v -0.022155 0.098507 0.044712
v -0.053146 0.090325 0.044730
v 0.024533 0.068408 0.044742
v -0.044979 0.037995 0.044765
v 0.013640 0.042134 0.044790
v 0.010023 0.035847 0.044833
v -0.049066 0.095228 0.044858
v -0.036908 0.035895 0.044887
v 0.010446 0.037483 0.044901
v -0.021935 0.054661 0.044909
v -0.070020 0.143069 0.044916
v -0.054994 0.088872 0.044932
v -0.057307 0.094486 0.044940
v -0.064942 0.088528 0.044941
v -0.010683 0.100673 0.044943
v -0.047219 0.088214 0.044958
v 0.026239 0.074045 0.044975
v -0.055796 0.081684 0.044977
v -0.029113 0.096176 0.045004
v -0.026999 0.094123 0.045015
v -0.058843 0.089873 0.045023
v -0.036747 0.041614 0.045026
v -0.025804 0.072979 0.045030
v -0.061937 0.093188 0.045073
v -0.022702 0.096534 0.045074
v -0.054416 0.081124 0.045079
v -0.052683 0.043904 0.045084
v 0.001663 0.034952 0.045117
v 0.024603 0.061722 0.045165
v 0.016848 0.103636 0.045241
v -0.031279 0.047005 0.045252
v 0.028193 0.079117 0.045262
v -0.019543 0.097659 0.045273
v -0.006038 0.034585 0.045310
v 0.007714 0.042145 0.045362
v -0.055968 0.092065 0.045368
v -0.028984 0.081714 0.045395
v -0.020714 0.051098 0.045443
v -0.026413 0.092886 0.045444
v -0.068348 0.139536 0.045446
v -0.053727 0.085348 0.045477
v -0.086717 0.134449 0.045483
v -0.090046 0.118946 0.045535
v -0.049378 0.085557 0.045548
v -0.061295 0.088748 0.045551
v 0.007312 0.044114 0.045551
v 0.025840 0.094567 0.045563
v -0.060305 0.037406 0.045618
v 0.006165 0.037966 0.045621
v -0.079560 0.111506 0.045635
v -0.049662 0.087640 0.045660
v -0.023786 0.034809 0.045682
v 0.005454 0.035849 0.045719
v 0.020218 0.100701 0.045773
v -0.090060 0.122437 0.045781
v 0.022965 0.097982 0.045826
v 0.003016 0.042381 0.045895
v 0.004023 0.044149 0.045908
v -0.058992 0.035637 0.045914
v -0.026528 0.049924 0.046004
v 0.000378 0.044254 0.046011
v -0.087897 0.128540 0.046030
v -0.016549 0.098461 0.046030
v 0.019966 0.052485 0.046033
v -0.034018 0.044157 0.046061
v 0.002920 0.038498 0.046072
v -0.057447 0.041722 0.046094
v 0.026977 0.077531 0.046108
v -0.050080 0.035982 0.046124
v -0.021546 0.050109 0.046131
v -0.049712 0.037080 0.046154
v -0.075666 0.111233 0.046167
v -0.036240 0.038714 0.046167
v 0.007329 0.102086 0.046168
v 0.003191 0.036477 0.046299
v -0.022828 0.095366 0.046358
v -0.035484 0.041106 0.046471
v 0.026707 0.082064 0.046585
v -0.027220 0.077720 0.046587
v -0.068664 0.112559 0.046606
v -0.079640 0.113803 0.046717
v 0.003835 0.100010 0.046724
v -0.023041 0.067308 0.046727
v 0.014924 0.102384 0.046731
v -0.063896 0.124974 0.046759
v -0.000379 0.041437 0.046762
v -0.054782 0.036109 0.046769
v 0.010216 0.046425 0.046778
v 0.000240 0.036060 0.046797
v -0.030929 0.034925 0.046844
v -0.018801 0.051017 0.046846
v -0.057719 0.038903 0.046860
v -0.013577 0.034687 0.046866
v -0.002743 0.035334 0.046954
v 0.020963 0.096657 0.046972
v -0.023690 0.049830 0.047000
v -0.000347 0.045645 0.047006
v 0.026184 0.086463 0.047073
v -0.005391 0.045680 0.047083
v -0.083843 0.114020 0.047094
v 0.025289 0.075143 0.047105
v -0.087406 0.116803 0.047127
v -0.067828 0.131721 0.047138
v -0.063974 0.118481 0.047148
v -0.053923 0.039513 0.047224
v 0.021354 0.056472 0.047225
v -0.017873 0.049290 0.047244
v -0.066151 0.114831 0.047271
v -0.007058 0.034909 0.047286
v -0.075896 0.141457 0.047340
v -0.033270 0.035006 0.047369
v 0.011550 0.102085 0.047377
v 0.020937 0.064651 0.047405
v -0.008546 0.046843 0.047452
v 0.006039 0.099536 0.047504
v 0.015465 0.052861 0.047549
v 0.012124 0.049106 0.047560
v -0.015981 0.049825 0.047581
v -0.071298 0.139183 0.047629
v -0.065503 0.127387 0.047644
v 0.021767 0.060493 0.047684
v -0.081739 0.138294 0.047733
v -0.014947 0.048490 0.047737
v -0.019057 0.053108 0.047768
v -0.034590 0.035982 0.047822
v 0.024653 0.084770 0.047835
v -0.003113 0.037028 0.047842
v 0.017289 0.094911 0.047846
v -0.012387 0.047391 0.047922
v 0.012658 0.099919 0.047976
v 0.018389 0.090867 0.048063
v 0.022460 0.091210 0.048110
v -0.028062 0.048078 0.048118
v -0.069956 0.135680 0.048148
v 0.022846 0.070684 0.048157
v -0.080384 0.116085 0.048237
v 0.021289 0.067985 0.048265
v 0.019461 0.055969 0.048297
v 0.013328 0.097581 0.048305
v -0.033155 0.043698 0.048319
v -0.072921 0.111971 0.048342
v -0.020120 0.034740 0.048431
v -0.005700 0.038178 0.048470
v -0.015144 0.047524 0.048562
v -0.026721 0.088815 0.048564
v -0.085947 0.124511 0.048612
v -0.006681 0.042685 0.048634
v -0.086236 0.129727 0.048696
v -0.086112 0.120219 0.048813
v 0.024660 0.080305 0.048848
v 0.018480 0.060888 0.048874
v -0.080808 0.118575 0.048884
v -0.085172 0.132000 0.048891
v 0.006239 0.046248 0.048898
v -0.027573 0.083203 0.048907
v -0.019285 0.057907 0.048916
v -0.008530 0.099781 0.048918
v -0.025482 0.048726 0.048970
v -0.007090 0.036002 0.048980
v 0.008962 0.097756 0.048989
v 0.002444 0.046629 0.049014
v -0.001334 0.099979 0.049016
v 0.023735 0.076955 0.049017
v -0.083202 0.117380 0.049022
v 0.018445 0.063473 0.049046
v -0.023731 0.073087 0.049081
v 0.015713 0.056854 0.049121
v -0.023566 0.093119 0.049157
v 0.008826 0.047785 0.049200
v 0.021973 0.086211 0.049238
v -0.010916 0.035445 0.049342
v -0.082703 0.122404 0.049373
v -0.077475 0.114363 0.049567
v 0.020005 0.069701 0.049639
v -0.005708 0.048296 0.049667
v -0.001358 0.047820 0.049674
v -0.068975 0.113995 0.049772
v -0.010310 0.037941 0.049804
v -0.028110 0.046625 0.049834
v -0.012974 0.044978 0.049860
v 0.021744 0.074486 0.049902
v -0.021319 0.094630 0.049903
v -0.014229 0.052217 0.049914
v -0.019197 0.047839 0.049955
v -0.028668 0.034945 0.049972
v -0.009590 0.049158 0.049973
v -0.016658 0.034950 0.050003
v -0.033420 0.040967 0.050177
v -0.019144 0.063280 0.050224
v 0.004987 0.098138 0.050252
v -0.070586 0.130453 0.050375
v -0.032455 0.036051 0.050381
v -0.066213 0.124421 0.050383
v -0.079566 0.136028 0.050397
v -0.012307 0.042861 0.050410
v -0.016423 0.053993 0.050415
v -0.012424 0.036089 0.050431
v -0.033272 0.039081 0.050452
v -0.012593 0.050650 0.050490
v -0.012205 0.098093 0.050496
v -0.065895 0.118295 0.050501
v -0.023893 0.048016 0.050512
v 0.013216 0.060398 0.050678
v 0.016932 0.086067 0.050719
v -0.074907 0.114173 0.050792
v -0.065625 0.120810 0.050792
v -0.017122 0.096475 0.050889
v -0.078458 0.117823 0.050897
v -0.079644 0.122509 0.050921
v 0.000967 0.098720 0.050924
v 0.020723 0.080827 0.050971
v -0.026957 0.044549 0.051036
v 0.015836 0.091770 0.051054
v -0.068516 0.115989 0.051322
v -0.076832 0.134852 0.051454
v 0.011104 0.053031 0.051469
v -0.015775 0.036189 0.051493
v -0.022422 0.092452 0.051523
v -0.019112 0.035208 0.051536
v -0.013661 0.057372 0.051577
v -0.070958 0.115192 0.051629
v -0.025236 0.034973 0.051659
v -0.017173 0.060249 0.051690
v 0.016831 0.072994 0.051703
v 0.007987 0.051518 0.051708
v -0.025158 0.087753 0.051751
v 0.001126 0.049574 0.051752
v -0.029086 0.035286 0.051802
v -0.082014 0.131006 0.051816
v 0.011668 0.061387 0.051833
v 0.008266 0.094802 0.051841
v -0.003351 0.098269 0.051896
v -0.030574 0.040183 0.051911
v -0.009042 0.097990 0.051923
v 0.005444 0.096592 0.051951
v -0.081302 0.124879 0.051984
v -0.073052 0.129408 0.052001
v -0.075288 0.133055 0.052057
v -0.082366 0.128141 0.052081
v 0.014614 0.087619 0.052110
v -0.007408 0.051906 0.052186
v -0.022871 0.075007 0.052191
v 0.015769 0.069513 0.052237
v 0.011675 0.093013 0.052277
v -0.067694 0.119521 0.052350
v -0.011009 0.055672 0.052394
v -0.017471 0.042450 0.052413
v -0.075597 0.117257 0.052415
v -0.020423 0.045839 0.052461
v 0.018452 0.075828 0.052469
v -0.020978 0.071969 0.052482
v -0.019845 0.068444 0.052482
v -0.018904 0.094325 0.052484
v -0.077226 0.124510 0.052531
v 0.011149 0.056067 0.052650
v -0.018355 0.036616 0.052728
v -0.023633 0.045428 0.052754
v 0.014030 0.065924 0.052839
v 0.009382 0.058762 0.052841
v 0.007259 0.055931 0.052844
v -0.074352 0.126858 0.052886
v -0.069311 0.124000 0.052993
v 0.011716 0.064359 0.052998
v -0.024731 0.078837 0.053003
v -0.020287 0.035916 0.053047
v 0.012333 0.091153 0.053161
v 0.012788 0.082963 0.053199
v -0.075621 0.121168 0.053219
v -0.015490 0.062091 0.053262
v 0.017297 0.079513 0.053269
v -0.079377 0.127344 0.053282
v -0.027891 0.041586 0.053354
v -0.071052 0.118374 0.053370
v 0.004630 0.051946 0.053412
v -0.077797 0.129286 0.053476
v 0.006765 0.058301 0.053498
v -0.000014 0.096743 0.053531
v -0.028517 0.036670 0.053545
v -0.015813 0.065082 0.053546
v 0.001576 0.053741 0.053626
v -0.072733 0.122346 0.053672
v -0.028864 0.038770 0.053717
v -0.013878 0.065105 0.053723
v -0.003069 0.058731 0.053766
v 0.012866 0.088064 0.053812
v 0.015103 0.076249 0.053856
v -0.000968 0.051335 0.053876
v -0.006306 0.056392 0.053892
v -0.013081 0.067901 0.053924
v -0.004453 0.053864 0.053981
v -0.022357 0.037073 0.054042
v -0.024543 0.042209 0.054060
v 0.013748 0.073940 0.054061
v -0.022513 0.041272 0.054074
v -0.012598 0.060417 0.054133
v -0.024708 0.036448 0.054177
v 0.001847 0.057691 0.054236
v 0.011520 0.070030 0.054270
v -0.013553 0.062524 0.054352
v -0.006813 0.095804 0.054365
v 0.013753 0.078738 0.054386
v -0.024556 0.082418 0.054405
v 0.009933 0.063081 0.054480
v 0.000104 0.058416 0.054647
v 0.006156 0.091115 0.054651
v 0.009550 0.089438 0.054665
v -0.015156 0.068350 0.054679
v -0.013634 0.071379 0.054682
v 0.002583 0.094255 0.054688
v 0.009502 0.066928 0.054690
v -0.020122 0.090215 0.054699
v -0.015629 0.093677 0.054843
v -0.017026 0.071384 0.054883
v 0.010984 0.075694 0.054962
v -0.000824 0.054120 0.055065
v -0.010211 0.068282 0.055097
v -0.011420 0.094333 0.055206
v 0.008680 0.080831 0.055208
v 0.007554 0.062288 0.055227
v -0.022693 0.085736 0.055308
v -0.018690 0.076358 0.055357
v 0.005943 0.067811 0.055411
v -0.009419 0.060194 0.055525
v 0.009393 0.084316 0.055545
v -0.015440 0.073657 0.055561
v -0.021394 0.079029 0.055571
v 0.003438 0.068977 0.055663
v 0.005327 0.060862 0.055763
v 0.002946 0.060176 0.055820
v -0.005677 0.060968 0.055860
v -0.014403 0.092446 0.055879
v 0.004138 0.078887 0.055951
v -0.001214 0.060605 0.055970
v -0.003890 0.062591 0.055975
v -0.011636 0.072262 0.055992
v 0.007996 0.087082 0.056054
v -0.011165 0.092499 0.056162
v -0.005873 0.068540 0.056169
v -0.004912 0.092874 0.056179
v -0.007841 0.063466 0.056210
v 0.000710 0.089314 0.056273
v 0.002571 0.074428 0.056359
v 0.008376 0.075288 0.056374
v -0.016210 0.077507 0.056378
v -0.011578 0.088358 0.056505
v -0.001719 0.069033 0.056721
v 0.006161 0.074358 0.056764
v -0.001522 0.063154 0.056768
v -0.016079 0.087311 0.056768
v 0.003443 0.063691 0.056802
v -0.006205 0.083702 0.056885
v -0.012850 0.075666 0.056914
v -0.014584 0.080655 0.056920
v 0.005149 0.083598 0.056921
v 0.001028 0.071905 0.056921
v -0.013810 0.089116 0.056929
v 0.002219 0.079767 0.056953
v 0.004242 0.086620 0.057058
v -0.008098 0.090100 0.057113
v -0.008656 0.086802 0.057290
v -0.012381 0.085059 0.057361
v -0.008727 0.076159 0.057418
v -0.003357 0.084577 0.057463
v -0.019137 0.082635 0.057527
v -0.002558 0.081369 0.057533
v 0.001915 0.085091 0.057544
v -0.017866 0.084890 0.057594
v -0.017466 0.080707 0.057600
v -0.006232 0.079721 0.057676
v -0.010563 0.078978 0.058037
v -0.007009 0.072308 0.058139
v -0.008846 0.080938 0.058148
v 0.000347 0.076539 0.058276
v -0.002897 0.072943 0.058706
v -0.004349 0.076035 0.058831
f 647 667 653
f 1983 1819 1941
f 1852 1803 2011
f 1696 1803 1852
f 2119 1981 2131
f 1787 2020 1828
f 2261 2440 2425
f 1115 894 1038
f 2425 2440 2475
f 2984 3042 2868
f 1649 1682 1604
f 1819 1983 1873
f 1811 1762 1839
f 366 560 570
f 2541 2475 2601
f 1715 1787 1828
f 2177 2345 2109
f 21 33 17
f 1185 1272 1344
f 2119 2268 2283
f 121 200 233
f 2146 2273 2331
f 2101 2170 2038
f 200 384 233
f 1008 1124 1074
f 1013 926 992
f 1138 1021 835
f 3431 3436 3352
f 1887 1994 1993
f 1954 1937 2047
f 2145 2194 2027
f 2109 2345 2316
f 385 366 570
f 1014 1262 1154
f 1856 2009 1976
f 1967 2131 1981
f 79 66 81
f 1696 1852 1620
f 1564 1528 1399
f 2131 2261 2274
f 2545 2617 2433
f 2358 2274 2425
f 2130 2119 2283
f 2274 2261 2425
f 2325 2274 2358
f 2618 2569 2550
f 1833 2066 1957
f 1987 1984 1895
f 1972 1847 1809
f 1920 2009 1856
f 2261 2319 2440
f 2131 2274 2325
f 2533 2607 2608
f 2112 2114 2318
f 1525 1612 1412
f 2350 2509 2467
f 2331 2273 2350
f 1939 2146 2079
f 1525 1624 1612
f 108 121 233
f 2075 2190 2032
f 1872 1763 1927
f 2514 2592 2451
f 2395 2451 2320
f 2471 2595 2600
f 1518 1651 1715
f 2000 2052 1974
f 2000 2152 2052
f 86 101 119
f 529 482 402
f 384 385 570
f 1847 2080 1861
f 3346 3381 3349
f 2260 2232 2366
f 2038 1945 1942
f 2143 2267 2221
f 2404 2292 2308
f 41 38 56
f 1849 1829 1666
f 1806 1916 1836
f 90 108 127
f 3319 3364 3346
f 3364 3381 3346
f 3385 3304 3339
f 2194 2295 2162
f 2027 2030 2145
f 2361 2325 2445
f 1915 1839 1779
f 952 827 870
f 2730 2698 2899
f 3325 3304 3385
f 3220 2992 3232
f 2079 2232 2260
f 2839 2715 2992
f 2009 2100 1976
f 975 1043 1097
f 570 560 922
f 1504 1470 1553
f 1940 1883 1954
f 1880 2079 2022
f 2022 2079 2144
f 1833 2041 2066
f 3289 3343 3322
f 1828 1932 1682
f 1988 2009 1920
f 820 710 769
f 3364 3385 3381
f 3325 3220 3304
f 1076 1111 943
f 1105 972 1066
f 1959 1871 1966
f 31 44 38
f 731 833 743
f 759 688 717
f 1967 2091 2131
f 2331 2350 2471
f 41 69 51
f 1821 1949 1869
f 2467 2509 2602
f 912 1049 907
f 1252 1287 1201
f 46 49 37
f 1727 1656 1600
f 3385 3348 3325
f 3017 2992 3220
f 1512 1805 1608
f 1578 1493 1554
f 2232 2331 2366
f 2531 2471 2600
f 3008 2808 2983
f 818 921 795
f 1779 1940 1915
f 1748 1939 1880
f 1347 1388 987
f 3378 3371 3364
f 3364 3371 3385
f 3371 3347 3385
f 3385 3347 3348
f 1244 1105 1238
f 3348 3220 3325
f 1554 1493 1509
f 2225 2254 2341
f 1512 1729 1805
f 1880 1939 2079
f 2350 2467 2471
f 2040 1972 1875
f 2222 2353 2212
f 1194 1275 1305
f 3358 3383 3378
f 3391 3371 3378
f 3348 3229 3220
f 1 4 5
f 1852 2011 1939
f 2610 2538 2480
f 850 944 648
f 3383 3391 3378
f 3391 3372 3371
f 3371 3372 3347
f 1709 1733 1844
f 1907 1997 1916
f 2051 2245 2234
f 2159 2343 2264
f 1589 1880 1739
f 2080 1847 1972
f 1880 2022 1739
f 2366 2471 2531
f 462 319 434
f 3229 3121 3220
f 3220 3121 3017
f 1557 1429 1490
f 1616 1599 1763
f 57 30 47
f 1072 1047 1050
f 2232 2146 2331
f 2170 2118 2038
f 2825 2722 2740
f 2722 2712 2740
f 3184 3104 3225
f 686 615 680
f 3337 3384 3390
f 2537 2515 2563
f 1620 1852 1748
f 1852 1939 1748
f 2884 2825 2942
f 10 8 18
f 2722 2726 2712
f 3222 3184 3225
f 3372 3391 3383
f 3285 3397 3351
f 3271 3264 3337
f 3171 3168 3271
f 3168 3171 3167
f 859 745 898
f 3446 3416 3415
f 1615 1474 1724
f 2158 2333 2170
f 2011 2119 2130
f 1829 1916 1806
f 2260 2366 2368
f 2368 2366 2531
f 2939 2968 2942
f 2799 2842 2669
f 1733 1775 1850
f 2049 2162 2090
f 1131 1038 1036
f 1267 1506 1433
f 129 96 99
f 2079 2146 2232
f 1651 1787 1715
f 1739 2022 1909
f 3076 2968 2939
f 2884 2722 2825
f 3475 3479 3485
f 3420 3460 3429
f 3386 3438 3407
f 2669 2568 2600
f 3156 3264 3168
f 3145 3156 3167
f 3264 3271 3168
f 3156 3168 3167
f 1590 1694 1639
f 3390 3397 3337
f 1805 1729 1832
f 1317 1515 1506
f 1803 1759 1981
f 2698 2630 2788
f 362 391 382
f 2956 2942 2968
f 2942 2956 2884
f 2928 2722 2884
f 3457 3442 3452
f 3140 2963 2829
f 3437 3465 3456
f 3452 3467 3483
f 3476 3451 3473
f 3257 3171 3209
f 3448 3456 3484
f 3394 3398 3400
f 3460 3420 3432
f 3467 3476 3475
f 3429 3460 3438
f 3429 3438 3386
f 2981 2870 2760
f 1898 1926 2006
f 1985 1863 1904
f 1763 1599 1689
f 2131 2091 2261
f 2268 2325 2361
f 2309 2330 2479
f 3033 3124 3076
f 3134 2968 3076
f 2928 2884 2956
f 2928 2748 2722
f 3442 3467 3452
f 3414 3439 3443
f 3438 3439 3407
f 2838 2799 2763
f 3394 3443 3444
f 3386 3407 3370
f 3335 3370 3384
f 3457 3453 3428
f 1409 1512 1608
f 1512 1385 1517
f 1030 1234 1261
f 1724 1664 1770
f 2091 2172 2261
f 2347 2440 2319
f 2347 2470 2440
f 1889 2046 2035
f 3033 3051 3124
f 3124 3134 3076
f 3134 2956 2968
f 3443 3439 3458
f 1184 1328 1041
f 1364 1240 1282
f 3425 3394 3400
f 3300 3270 3225
f 3416 3376 3341
f 3341 3376 3354
f 1536 1555 1628
f 3051 3155 3124
f 2994 2956 3134
f 2563 2532 2534
f 3475 3473 3461
f 3326 3335 3279
f 3238 3194 3249
f 3046 3000 3064
f 2402 2153 2224
f 2186 2082 2085
f 2854 2921 2869
f 3155 3134 3124
f 2912 2928 2956
f 2912 2748 2928
f 2912 2708 2748
f 1872 1927 2029
f 3000 2959 2930
f 3105 3046 3081
f 1677 1830 1734
f 3345 3270 3300
f 1485 1624 1525
f 2865 2735 2779
f 3449 3387 3410
f 1882 1949 1821
f 1798 1820 1679
f 2294 2193 2201
f 2425 2475 2526
f 3010 3051 2921
f 3010 3049 3051
f 3049 3155 3051
f 2994 2912 2956
f 3104 2932 3092
f 2838 2763 2945
f 1515 1765 1636
f 3335 3384 3279
f 2735 2644 2707
f 1875 1972 1809
f 1262 1503 1428
f 2011 2130 2146
f 1759 1803 1695
f 3131 3134 3155
f 3123 2994 3134
f 2998 2912 2994
f 2912 2674 2708
f 2708 2674 2679
f 3370 3390 3384
f 184 124 129
f 3209 3207 3286
f 2325 2358 2445
f 2979 3054 2921
f 2921 3054 3010
f 3054 3049 3010
f 3123 2998 2994
f 3081 3064 3070
f 3104 3092 3192
f 3473 3451 3449
f 3240 3194 3222
f 316 295 279
f 2763 2799 2665
f 3286 3285 3209
f 1694 1837 1830
f 3184 2909 3104
f 1616 1351 1427
f 1124 1213 1225
f 1503 1518 1649
f 3088 3155 3049
f 3088 3131 3155
f 3131 3146 3134
f 3006 2912 2998
f 2820 2674 2912
f 2657 2679 2674
f 3419 3345 3387
f 3225 3104 3192
f 3416 3341 3415
f 3198 3264 3156
f 3394 3414 3443
f 2350 2361 2509
f 1649 1518 1715
f 1040 972 1105
f 1360 1271 1333
f 1311 1378 1326
f 3131 3122 3146
f 3134 3146 3123
f 3006 2893 2912
f 2893 2820 2912
f 3465 3484 3456
f 1429 1244 1373
f 1669 1351 1616
f 3337 3397 3286
f 3444 3458 3450
f 2537 2449 2515
f 79 62 66
f 787 749 616
f 1344 1272 1406
f 2788 2833 2899
f 2172 2319 2261
f 713 818 795
f 2918 2979 2880
f 3054 3128 3049
f 3049 3128 3088
f 3088 3122 3131
f 3123 3031 2998
f 3031 3006 2998
f 3452 3483 3465
f 2959 2842 2799
f 3475 3476 3473
f 2723 2650 2635
f 1431 1546 1392
f 832 818 794
f 2880 2782 2918
f 3136 3054 2979
f 3054 3136 3128
f 3151 3122 3088
f 3128 3151 3088
f 3006 2820 2893
f 2820 2734 2674
f 2734 2645 2674
f 2674 2645 2657
f 3194 3019 3222
f 3354 3249 3270
f 1505 1299 1440
f 3300 3320 3345
f 3453 3457 3420
f 1345 1275 1448
f 3238 3205 3194
f 3414 3394 3425
f 626 697 809
f 1037 915 960
f 2272 2202 2193
f 2559 2540 2537
f 3215 3177 3202
f 3137 3177 3215
f 3177 3137 3042
f 2540 2504 2537
f 2868 3042 2833
f 2918 3136 2979
f 3136 3151 3128
f 3146 3031 3123
f 3351 3397 3400
f 3194 3140 3019
f 3019 3140 2865
f 2779 2735 2707
f 2388 2308 2369
f 2006 1926 2110
f 1050 1047 958
f 628 525 569
f 3241 3205 3238
f 3392 3302 3388
f 1222 952 1053
f 1521 1456 1527
f 3059 3136 2918
f 3102 3151 3136
f 3151 3112 3122
f 3122 3112 3146
f 3146 3112 3031
f 3031 2952 3006
f 3006 2952 2820
f 2820 2818 2734
f 2585 2673 2645
f 3285 3286 3397
f 3458 3456 3448
f 3047 3081 3070
f 1767 1709 1844
f 3407 3439 3414
f 3437 3456 3458
f 549 696 669
f 1747 1634 1676
f 2027 2049 1949
f 1036 894 944
f 2935 2730 2899
f 2633 2533 2608
f 832 794 916
f 2918 2960 3059
f 3102 3136 3059
f 3112 3068 3031
f 2873 2818 2820
f 2952 2873 2820
f 3458 3460 3437
f 2865 2866 3019
f 2707 2644 2650
f 64 76 90
f 76 121 108
f 765 661 723
f 3161 3112 3151
f 3068 3117 3031
f 3117 3029 3031
f 3029 2952 3031
f 3029 2873 2952
f 2823 2734 2818
f 2734 2661 2645
f 2698 2730 2648
f 3432 3457 3437
f 1444 1339 1429
f 3437 3457 3452
f 3449 3451 3419
f 2852 2779 2780
f 1115 1183 1028
f 3137 2906 2935
f 2742 2668 2730
f 2131 2325 2268
f 2119 2131 2268
f 462 306 319
f 2960 3061 3059
f 3102 3154 3151
f 3154 3161 3151
f 3112 3161 3068
f 2873 2823 2818
f 3394 3444 3440
f 3300 3192 3320
f 3468 3451 3476
f 2836 2699 2777
f 2563 2515 2520
f 2544 2540 2559
f 2779 2707 2780
f 1513 1467 1486
f 2477 2530 2396
f 2549 2563 2520
f 2011 1981 2119
f 1153 1060 1051
f 3061 3074 3059
f 3074 3102 3059
f 3074 3154 3102
f 3161 3075 3068
f 3075 3117 3068
f 3029 2886 2873
f 2873 2886 2823
f 2661 2585 2645
f 2507 2549 2520
f 2404 2388 2504
f 2284 2353 2222
f 3207 3271 3286
f 3396 3360 3380
f 2906 2789 2742
f 2789 2668 2742
f 2043 2040 1968
f 2027 2194 2049
f 2272 2163 2202
f 1748 1880 1589
f 2934 2960 2872
f 2934 3061 2960
f 3109 3154 3074
f 3126 3161 3154
f 2886 2811 2823
f 2811 2734 2823
f 2811 2661 2734
f 2661 2530 2585
f 2679 2673 2750
f 2930 2959 2799
f 3171 3271 3207
f 3390 3425 3397
f 1915 1921 1874
f 1915 1874 1839
f 26 36 54
f 2738 2668 2789
f 2738 2697 2668
f 124 107 94
f 3030 3074 3061
f 3109 3126 3154
f 3126 3075 3161
f 3021 3117 3075
f 3117 2966 3029
f 3029 2966 2886
f 3341 3270 3345
f 534 529 543
f 274 303 294
f 679 756 632
f 2735 2699 2667
f 3451 3415 3419
f 2777 2699 2735
f 3198 3279 3264
f 3241 3242 3205
f 1710 1779 1762
f 1767 1624 1709
f 790 829 695
f 3072 3020 2906
f 3020 2789 2906
f 1939 2011 2146
f 3318 3378 3319
f 2948 3061 2934
f 2948 3030 3061
f 3109 3074 3030
f 2999 3021 3075
f 3117 3021 2966
f 2966 2905 2886
f 2905 2811 2886
f 349 308 298
f 519 365 429
f 62 49 55
f 3286 3271 3337
f 1874 1811 1839
f 3341 3354 3270
f 3046 2932 3000
f 2837 2789 3020
f 2837 2738 2789
f 2144 2079 2260
f 2658 2776 2421
f 2872 2933 2934
f 3126 2999 3075
f 2905 2864 2811
f 2864 2705 2811
f 2811 2705 2661
f 2499 2530 2661
f 3140 2829 2865
f 3438 3460 3439
f 3446 3468 3464
f 2829 2836 2777
f 3443 3458 3444
f 1028 745 894
f 2796 2738 2837
f 2395 2514 2451
f 1818 1718 1720
f 2824 2900 2933
f 2933 2988 2934
f 2934 2988 2948
f 2938 3030 2948
f 3027 3109 3030
f 2938 3027 3030
f 3027 3126 3109
f 3126 3027 2999
f 3021 2951 2966
f 2966 2951 2905
f 2612 2499 2661
f 2705 2612 2661
f 2499 2396 2530
f 1837 1925 1961
f 3227 3279 3198
f 1811 1754 1762
f 2085 2009 1988
f 2865 2829 2735
f 2796 2847 2814
f 2900 2988 2933
f 2988 3015 2948
f 3015 2938 2948
f 3021 2927 2951
f 2951 2864 2905
f 2499 2493 2337
f 1770 1815 1946
f 1904 1765 1805
f 2404 2308 2388
f 3105 3092 3046
f 1754 1710 1762
f 2078 2095 2016
f 1936 1950 2036
f 3020 2949 2837
f 2822 2796 2837
f 2847 2883 2790
f 2824 2790 2883
f 2883 2900 2824
f 2938 2971 3027
f 2971 2974 3027
f 3027 2974 2999
f 2974 2944 3021
f 2999 2974 3021
f 2944 2927 3021
f 2951 2851 2864
f 2493 2499 2612
f 1492 1664 1474
f 1616 1427 1599
f 3280 3242 3241
f 1710 1661 1628
f 2822 2837 2949
f 2822 2804 2796
f 2796 2804 2847
f 2997 2938 3015
f 2997 2971 2938
f 2971 2976 2974
f 2927 2851 2951
f 2864 2700 2705
f 3460 3432 3437
f 1612 1624 1767
f 3397 3425 3400
f 2865 2779 2866
f 1742 1702 1710
f 1754 1742 1710
f 1702 1661 1710
f 3442 3464 3467
f 2368 2568 2494
f 1806 1670 1678
f 2949 2916 2822
f 2804 2856 2847
f 2847 2856 2883
f 2883 2919 2900
f 2919 2908 2900
f 2908 2937 2900
f 2937 2988 2900
f 2937 3015 2988
f 2997 3039 2971
f 2971 3039 2976
f 3039 3069 2976
f 2976 2944 2974
f 2944 2954 2927
f 2864 2851 2700
f 1485 1553 1624
f 1988 2066 2085
f 1740 1612 1767
f 2856 2892 2883
f 2892 2919 2883
f 2937 2985 3015
f 2985 2997 3015
f 2700 2612 2705
f 2909 2866 2852
f 1536 1628 1598
f 2897 2877 2916
f 2877 2822 2916
f 2772 2856 2804
f 2908 2941 2937
f 3069 3025 2976
f 2976 3025 2944
f 3025 3073 2944
f 3073 2954 2944
f 2954 2922 2927
f 2922 2851 2927
f 2922 2775 2851
f 2851 2775 2700
f 3279 3384 3264
f 1702 1643 1661
f 2832 2792 2822
f 2822 2792 2804
f 2892 2908 2919
f 2929 2985 2937
f 3028 2997 2985
f 2997 3028 3039
f 3039 3028 3069
f 3073 3005 2954
f 3005 2922 2954
f 2700 2681 2612
f 2681 2560 2612
f 2612 2560 2493
f 2470 2403 2493
f 911 1067 1129
f 3468 3415 3451
f 2866 2779 2852
f 2665 2659 2763
f 1643 1597 1661
f 1661 1597 1598
f 47 19 32
f 2011 1803 1981
f 2792 2772 2804
f 2807 2892 2856
f 2941 2929 2937
f 2929 3028 2985
f 2987 3014 3025
f 3069 2987 3025
f 3025 3098 3073
f 2863 2775 2922
f 2527 2493 2560
f 2527 2470 2493
f 3407 3414 3425
f 3483 3485 3484
f 1598 1597 1536
f 1591 1748 1589
f 2737 2856 2772
f 2737 2807 2856
f 2894 2941 2908
f 2987 3069 3028
f 2986 3014 2987
f 3025 3014 3098
f 3005 2863 2922
f 1597 1526 1536
f 1520 1377 1463
f 1907 1829 1849
f 2913 3028 2929
f 2913 2987 3028
f 3098 3096 3073
f 3056 3005 3073
f 3096 3056 3073
f 2797 2700 2775
f 2797 2681 2700
f 3264 3384 3337
f 1116 949 1101
f 3270 3249 3240
f 1597 1520 1526
f 2371 2280 2328
f 1493 1373 1304
f 2792 2725 2772
f 2786 2892 2807
f 2786 2908 2892
f 2786 2894 2908
f 2889 2913 2929
f 2986 3098 3014
f 3056 2863 3005
f 2601 2560 2681
f 2601 2527 2560
f 1677 1694 1830
f 3300 3225 3192
f 3019 2866 2909
f 3420 3457 3432
f 2600 2595 2665
f 1856 1886 1807
f 2800 2894 2786
f 2800 2861 2894
f 2861 2941 2894
f 2861 2876 2941
f 2941 2876 2929
f 2931 2987 2913
f 2931 2986 2987
f 2931 3035 2986
f 2986 3035 3098
f 3098 3100 3096
f 2797 2775 2863
f 3056 2797 2863
f 2802 2681 2797
f 1904 1805 1832
f 1694 1615 1735
f 1615 1724 1735
f 3439 3460 3458
f 3207 3209 3171
f 3369 3386 3370
f 3019 2909 3184
f 1526 1463 1441
f 1369 1441 1325
f 2185 2214 2139
f 103 105 89
f 2361 2445 2509
f 2676 2737 2772
f 2693 2807 2737
f 2693 2786 2807
f 2876 2889 2929
f 2889 2931 2913
f 3063 3100 3098
f 1982 1832 1872
f 2453 2404 2504
f 2335 2215 2270
f 1400 1398 1467
f 3450 3458 3448
f 2283 2361 2350
f 2273 2283 2350
f 2724 2800 2786
f 2853 2861 2800
f 2853 2876 2861
f 2889 2964 2931
f 2964 3035 2931
f 3063 3098 3035
f 3077 3100 3063
f 3100 3129 3096
f 3096 3129 3056
f 2925 2797 3056
f 2925 2802 2797
f 2601 2681 2802
f 3081 3067 3105
f 2520 2554 2483
f 3009 2945 2794
f 3473 3469 3470
f 3222 3019 3184
f 1988 1920 1957
f 2693 2737 2676
f 2724 2786 2693
f 2724 2793 2800
f 2793 2853 2800
f 2853 2867 2876
f 2889 2980 2964
f 2980 3147 2964
f 1180 1210 1204
f 3147 3095 2964
f 3095 3063 3035
f 3129 3011 3056
f 3056 3011 2925
f 1526 1441 1369
f 3 1 10
f 2889 2876 2980
f 3465 3483 3484
f 3240 3222 3270
f 3222 3225 3270
f 2170 2201 2118
f 2130 2283 2273
f 2366 2331 2471
f 15 36 26
f 1490 1429 1373
f 3077 3130 3100
f 3100 3130 3129
f 2682 2601 2802
f 2682 2596 2601
f 2596 2541 2601
f 2335 2302 2215
f 2302 2197 2215
f 1535 1467 1513
f 3444 3450 3440
f 3449 3419 3387
f 1925 2007 1961
f 1302 1230 1225
f 90 54 64
f 204 184 319
f 1871 1959 1910
f 2693 2676 2680
f 2693 2745 2724
f 2724 2745 2793
f 2745 2841 2793
f 2841 2867 2853
f 2793 2841 2853
f 104 153 102
f 71 55 77
f 2368 2531 2568
f 3077 3149 3130
f 3080 2925 3011
f 986 800 863
f 2935 2906 2730
f 3390 3407 3425
f 495 389 493
f 722 850 648
f 2945 2763 2794
f 3473 3449 3469
f 2146 2130 2273
f 3268 3243 3289
f 3268 3170 3243
f 2745 2834 2841
f 2022 2144 2114
f 2302 2198 2197
f 1909 2022 1960
f 1380 1604 1475
f 62 55 66
f 3130 3045 3129
f 3129 3045 3011
f 3080 2978 2925
f 2978 2802 2925
f 1339 1244 1429
f 937 798 888
f 3464 3476 3467
f 3448 3484 3481
f 3070 3064 3009
f 3483 3467 3475
f 2302 2324 2198
f 3367 3312 3322
f 3312 3289 3322
f 3402 3367 3382
f 1148 951 990
f 537 384 691
f 2568 2531 2600
f 3017 2848 2992
f 2324 2267 2198
f 233 384 404
f 3045 3135 3011
f 3135 3080 3011
f 2978 2778 2802
f 2778 2682 2802
f 2526 2541 2596
f 2526 2475 2541
f 1150 1084 1158
f 2483 2507 2520
f 2909 2852 2932
f 3312 3268 3289
f 3206 3170 3268
f 3206 3026 2967
f 3170 3206 2967
f 2907 2819 2967
f 3026 2907 2967
f 2870 2753 2760
f 2251 2144 2260
f 2020 2071 2137
f 2114 2144 2251
f 51 64 36
f 3149 3045 3130
f 3057 2978 3080
f 2598 2526 2596
f 1933 1732 1790
f 1517 1351 1669
f 2407 2507 2483
f 3370 3407 3390
f 2644 2667 2571
f 1955 1815 1933
f 3312 3206 3268
f 1968 2040 1875
f 1834 1856 1713
f 570 922 981
f 789 650 621
f 3080 3111 3057
f 2598 2596 2682
f 2778 2598 2682
f 3452 3465 3437
f 674 718 692
f 2735 2667 2644
f 3485 3483 3475
f 2932 2959 3000
f 3359 3312 3367
f 3312 3180 3206
f 3180 3026 3206
f 3089 2907 3026
f 444 418 470
f 1444 1292 1339
f 2267 2334 2221
f 1966 1871 1846
f 875 760 857
f 2826 2778 2978
f 2598 2521 2526
f 2707 2650 2723
f 3249 3194 3240
f 2358 2521 2445
f 3359 3294 3312
f 3294 3180 3312
f 3148 3026 3180
f 3148 3089 3026
f 2163 2108 2057
f 1818 1849 1718
f 2518 2579 2644
f 3111 3103 3057
f 2826 2978 3057
f 2696 2598 2778
f 2635 2568 2669
f 2930 2799 2838
f 1844 1733 1850
f 2540 2489 2504
f 2489 2453 2504
f 2624 2760 2631
f 1739 1909 1761
f 1759 1887 1967
f 1849 1666 1718
f 2022 2114 1960
f 384 570 691
f 2572 2573 2478
f 1954 2047 2000
f 3103 3018 3057
f 3018 2950 3057
f 2950 2826 3057
f 2826 2696 2778
f 2628 2521 2598
f 1048 969 1009
f 1515 1409 1644
f 3294 3217 3180
f 3201 3148 3180
f 3217 3201 3180
f 3201 3234 3089
f 3148 3201 3089
f 3089 3234 3120
f 108 233 127
f 3430 3474 3477
f 3107 3173 3310
f 2628 2598 2696
f 1267 1317 1506
f 3365 3369 3370
f 2829 2777 2735
f 2980 2876 2867
f 2181 2137 2286
f 1987 1895 1869
f 3431 3454 3436
f 3436 3478 3474
f 1761 1783 1607
f 1761 1909 1783
f 3082 3034 3018
f 3034 2950 3018
f 2879 2826 2950
f 2686 2628 2696
f 1933 1815 1732
f 57 34 30
f 875 811 760
f 2425 2521 2358
f 3428 3464 3442
f 3457 3428 3442
f 3359 3254 3294
f 3254 3217 3294
f 3217 3228 3201
f 3201 3306 3234
f 2071 2309 2137
f 1739 1761 1603
f 3436 3454 3478
f 3478 3477 3474
f 3459 3421 3477
f 66 71 81
f 3034 3002 2950
f 3002 2879 2950
f 2784 2696 2826
f 1028 894 1115
f 2829 2963 2836
f 3145 3115 3110
f 3110 3156 3145
f 3335 3365 3370
f 3461 3473 3470
f 898 745 1028
f 2504 2388 2449
f 3201 3228 3306
f 378 382 410
f 3423 3435 3431
f 3435 3454 3431
f 3463 3478 3454
f 3441 3421 3459
f 3441 3422 3421
f 2879 2784 2826
f 2686 2696 2784
f 1616 1763 1872
f 2945 2930 2838
f 3000 2930 2945
f 1244 1238 1373
f 2504 2449 2537
f 1214 1101 1126
f 3359 3290 3254
f 3254 3233 3217
f 3217 3233 3228
f 3306 3330 3333
f 3330 3379 3333
f 3389 3417 3423
f 3417 3435 3423
f 3435 3462 3454
f 3478 3463 3477
f 3463 3459 3477
f 3466 3441 3459
f 1829 1806 1678
f 1291 1196 1116
f 3004 2879 3002
f 2690 2628 2686
f 1506 1515 1636
f 2559 2537 2563
f 3468 3446 3415
f 3228 3293 3306
f 2251 2260 2368
f 787 648 944
f 290 560 366
f 1210 1193 1275
f 3462 3463 3454
f 3107 3052 3034
f 3034 3052 3002
f 2690 2686 2784
f 2690 2509 2628
f 1694 1735 1837
f 3196 3167 3171
f 3419 3341 3345
f 3290 3239 3254
f 3254 3239 3233
f 3239 3309 3228
f 3233 3239 3228
f 3228 3309 3293
f 3293 3330 3306
f 1123 1017 1085
f 3399 3417 3389
f 3393 3399 3389
f 3399 3418 3417
f 3418 3435 3417
f 3418 3445 3435
f 3445 3462 3435
f 3471 3459 3463
f 3471 3466 3459
f 3447 3441 3466
f 1832 1669 1872
f 2827 2771 2836
f 2836 2771 2699
f 3415 3341 3419
f 3309 3356 3330
f 3293 3309 3330
f 418 450 470
f 3399 3445 3418
f 3462 3480 3463
f 3480 3471 3463
f 3447 3427 3441
f 1037 960 1116
f 2114 2112 1960
f 2973 2879 3004
f 2784 2879 2973
f 1596 1433 1506
f 2723 2635 2669
f 2723 2669 2842
f 3239 3296 3309
f 3399 3426 3445
f 3471 3455 3466
f 3455 3447 3466
f 3427 3310 3441
f 32 54 47
f 894 787 944
f 2816 2784 2973
f 2816 2690 2784
f 2816 2659 2690
f 2659 2602 2690
f 2602 2509 2690
f 3394 3440 3398
f 3296 3351 3309
f 3309 3351 3356
f 3433 3450 3409
f 3405 3433 3409
f 3450 3426 3409
f 3445 3472 3462
f 3472 3480 3462
f 3482 3471 3480
f 3482 3470 3471
f 3470 3455 3471
f 3066 3052 3125
f 3052 3066 3036
f 3036 2973 3004
f 30 25 19
f 1457 1474 1615
f 3290 3224 3239
f 3239 3224 3296
f 3351 3398 3356
f 3356 3398 3405
f 2630 2677 2788
f 3469 3455 3470
f 3469 3447 3455
f 1664 1815 1770
f 3267 3066 3125
f 3070 2973 3036
f 1517 1385 1351
f 3092 2932 3046
f 3464 3468 3476
f 2909 2932 3104
f 3064 3000 2945
f 3290 3257 3224
f 3398 3433 3405
f 3426 3481 3445
f 3445 3481 3472
f 3472 3482 3480
f 3447 3410 3427
f 3427 3410 3344
f 921 890 795
f 2108 1980 2057
f 2453 2394 2404
f 3426 3448 3481
f 3479 3482 3472
f 3449 3410 3447
f 648 434 397
f 3064 2945 3009
f 3047 3070 3036
f 3009 2973 3070
f 3009 2816 2973
f 2794 2763 2816
f 2816 2763 2659
f 2659 2595 2602
f 1920 1856 1834
f 3257 3209 3224
f 3209 3285 3224
f 3224 3285 3296
f 3285 3351 3296
f 3433 3440 3450
f 3426 3450 3448
f 3485 3472 3481
f 3485 3479 3472
f 3479 3461 3482
f 3461 3470 3482
f 3449 3447 3469
f 1833 1834 1684
f 3009 2794 2816
f 3344 3342 3267
f 3351 3400 3398
f 3440 3433 3398
f 3484 3485 3481
f 3479 3475 3461
f 2544 2559 2534
f 3023 3058 3115
f 3428 3434 3464
f 1130 1237 1320
f 2781 2813 2895
f 1588 1672 1631
f 1631 1542 1588
f 3340 3413 3429
f 3434 3395 3446
f 3323 3238 3249
f 1377 1556 1432
f 1765 1644 1805
f 2043 1968 1976
f 3396 3380 3411
f 3058 3227 3110
f 788 742 834
f 2228 2385 2277
f 2456 2588 2502
f 1765 1515 1644
f 2228 2304 2385
f 2304 2431 2385
f 2304 2341 2431
f 2526 2521 2425
f 2947 3003 3086
f 630 595 688
f 958 896 928
f 2977 2910 3142
f 3110 3227 3198
f 2532 2484 2534
f 3226 3174 3248
f 561 577 653
f 2500 2483 2586
f 2559 2563 2534
f 1644 1608 1805
f 1636 1765 1863
f 1400 1467 1535
f 945 1023 980
f 2943 2895 3055
f 2996 3113 3048
f 3403 3411 3424
f 482 406 353
f 926 1013 1003
f 3347 3229 3348
f 55 46 48
f 57 48 34
f 3110 3198 3156
f 3411 3428 3424
f 955 813 1085
f 3301 3244 3347
f 3244 3229 3347
f 2678 2759 2743
f 1735 1724 1825
f 616 434 648
f 3408 3424 3453
f 3324 3311 3355
f 3303 3213 3372
f 3372 3213 3301
f 3301 3213 3244
f 89 81 94
f 3020 3072 3181
f 3429 3413 3420
f 519 429 562
f 2748 2756 2722
f 1458 1383 1432
f 3377 3395 3434
f 3311 3316 3355
f 3355 3316 3372
f 3372 3316 3303
f 3244 3150 3229
f 1526 1520 1463
f 2388 2369 2456
f 3334 3403 3353
f 3218 3324 3287
f 3218 3311 3324
f 3303 3230 3213
f 3150 3121 3229
f 577 647 653
f 2498 2561 2666
f 2369 2472 2456
f 2369 2354 2472
f 2354 2512 2472
f 1420 1383 1523
f 2827 2836 2963
f 3218 3287 3190
f 3244 3213 3150
f 3150 2981 3121
f 2247 2327 2498
f 2490 2362 2392
f 3303 3195 3230
f 3213 3087 3150
f 961 1096 1043
f 2498 2666 2638
f 520 583 500
f 3214 3311 3218
f 3214 3316 3311
f 3214 3108 3316
f 3108 3195 3316
f 3316 3195 3303
f 3087 2991 3150
f 3150 2991 2981
f 3334 3360 3396
f 1936 2102 2084
f 2609 2513 2582
f 500 583 577
f 2846 3218 2785
f 2846 3214 3218
f 3230 2962 3213
f 2962 3087 3213
f 2981 2991 2870
f 2906 3137 3072
f 2442 2394 2489
f 306 204 319
f 2646 2609 2710
f 2755 2731 2646
f 3403 3334 3396
f 3195 2975 3230
f 3087 2871 2991
f 2874 2767 2898
f 2756 2785 3032
f 2972 3214 2846
f 2975 2962 3230
f 2962 2810 3087
f 2871 2764 2991
f 2991 2764 2870
f 1085 946 1130
f 2415 2385 2431
f 3139 3231 3216
f 2512 2622 2588
f 2993 2878 2920
f 744 637 502
f 1632 1732 1664
f 2638 2666 2805
f 2748 2720 2756
f 2720 2785 2756
f 2972 3108 3214
f 3108 2955 3195
f 3195 2955 2975
f 2975 2810 2962
f 2810 2871 3087
f 1848 1770 1964
f 2359 2575 2424
f 883 947 1018
f 2805 2666 2783
f 761 737 813
f 1007 955 1085
f 1614 1733 1709
f 1815 1664 1732
f 2957 3108 2972
f 2957 2955 3108
f 2810 2672 2871
f 2870 2765 2753
f 1500 1420 1588
f 2759 2678 2781
f 1711 1634 1747
f 2840 2860 2982
f 664 849 815
f 2720 2728 2785
f 2728 2846 2785
f 2846 2857 2972
f 2857 2957 2972
f 2955 2845 2975
f 2845 2770 2975
f 2975 2770 2810
f 2704 2764 2871
f 2672 2704 2871
f 2870 2764 2765
f 958 928 995
f 894 749 787
f 836 1007 860
f 2720 2708 2728
f 2750 2846 2728
f 2750 2857 2846
f 2810 2770 2672
f 3428 3377 3434
f 1415 1473 1542
f 3377 3314 3350
f 2049 1987 1869
f 2666 2616 2783
f 3127 3211 3113
f 2963 3140 3164
f 955 836 839
f 2679 2750 2728
f 2857 2768 2957
f 2957 2831 2955
f 2831 2809 2955
f 2809 2845 2955
f 2764 2706 2765
f 647 681 667
f 813 737 946
f 678 695 571
f 2783 2616 2731
f 2910 2762 2758
f 3350 3314 3323
f 2615 2667 2699
f 839 761 813
f 2750 2673 2857
f 2768 2831 2957
f 2641 2672 2770
f 2647 2684 2764
f 2704 2647 2764
f 2764 2684 2706
f 3197 3181 3215
f 2058 1904 1982
f 3119 3037 3115
f 1048 1084 924
f 1770 1946 1964
f 1130 1073 1237
f 2111 1999 2115
f 2809 2670 2845
f 2670 2770 2845
f 2670 2641 2770
f 2614 2704 2672
f 2614 2647 2704
f 2684 2655 2706
f 2765 2706 2753
f 1614 1557 1711
f 1085 1130 1223
f 2731 2616 2646
f 3127 3012 3178
f 3071 3043 3226
f 2673 2768 2857
f 2614 2672 2641
f 3357 3305 3290
f 3072 3137 3215
f 3181 3072 3215
f 675 797 621
f 1742 1816 1746
f 2895 2813 2891
f 1632 1697 1732
f 3247 3245 3284
f 884 1059 1030
f 2320 2323 2152
f 2831 2721 2809
f 2809 2721 2670
f 2557 2614 2641
f 2557 2580 2614
f 2580 2647 2614
f 2580 2562 2647
f 2562 2684 2647
f 2562 2655 2684
f 2562 2592 2655
f 2631 2592 2514
f 2655 2592 2631
f 549 660 696
f 2225 2341 2304
f 2646 2616 2490
f 1321 1415 1411
f 3275 3223 3247
f 3284 3245 3291
f 1209 1223 1350
f 2663 2831 2768
f 2670 2557 2641
f 1193 1370 1275
f 3280 3314 3321
f 544 505 627
f 3188 3260 3178
f 1123 1223 1209
f 1470 1557 1614
f 3216 3248 3174
f 924 1084 1150
f 2958 3071 3023
f 1209 1350 1214
f 1223 1130 1350
f 2831 2651 2721
f 2557 2511 2580
f 2580 2501 2562
f 2926 3094 2821
f 3179 3114 3181
f 1724 1848 1825
f 1059 884 924
f 3420 3408 3453
f 2817 2953 2860
f 3188 3236 3260
f 1123 1085 1223
f 2767 2625 2637
f 2449 2388 2456
f 2101 2038 1984
f 2657 2645 2673
f 2663 2768 2673
f 2831 2663 2651
f 2651 2577 2721
f 2721 2577 2670
f 2670 2496 2557
f 2511 2462 2580
f 2501 2580 2462
f 2341 2254 2352
f 2582 2615 2699
f 3284 3291 3360
f 2982 3023 3079
f 3231 3223 3261
f 3050 2982 3079
f 1146 1105 1244
f 2585 2606 2673
f 2606 2663 2673
f 2577 2496 2670
f 2501 2469 2562
f 2451 2592 2562
f 2469 2451 2562
f 1729 1669 1832
f 1371 1302 1325
f 3020 3181 3114
f 3383 3324 3355
f 2352 2254 2312
f 2081 1946 2068
f 3216 3231 3261
f 3248 3216 3261
f 1214 1350 1358
f 3086 3114 3179
f 2586 2611 2678
f 1509 1623 1554
f 1979 1848 1964
f 2898 2840 3050
f 3208 3242 3280
f 1073 1030 1261
f 2707 2723 2780
f 916 915 1037
f 3323 3249 3354
f 678 519 645
f 1214 1358 1255
f 3140 3194 3164
f 737 884 1030
f 2557 2496 2511
f 2391 2451 2469
f 37 23 25
f 3003 3020 3114
f 1105 1146 1040
f 1928 2073 1995
f 2815 2736 2850
f 3334 3284 3360
f 1158 1230 1150
f 2840 2982 3050
f 2984 3177 3042
f 3188 3208 3236
f 3171 3257 3196
f 3208 3157 3242
f 2551 2651 2663
f 2651 2556 2577
f 2577 2491 2496
f 924 1150 1160
f 1428 1649 1604
f 2114 2251 2318
f 3383 3331 3324
f 1066 916 1037
f 3402 3359 3367
f 1059 1160 1234
f 706 839 836
f 2891 2850 3048
f 3275 3247 3284
f 2813 2751 2815
f 3323 3241 3238
f 737 1030 946
f 3157 2920 3166
f 2920 2827 2963
f 2585 2503 2606
f 2551 2663 2606
f 2503 2551 2606
f 2551 2556 2651
f 2496 2390 2511
f 2390 2378 2462
f 2511 2390 2462
f 3142 3022 3188
f 1230 1158 1225
f 2401 2247 2498
f 2561 2490 2616
f 2554 2611 2586
f 3424 3428 3453
f 2710 2699 2771
f 2844 2755 2878
f 3166 2920 2963
f 3178 3211 3127
f 2503 2585 2530
f 2556 2476 2577
f 2422 2491 2577
f 3227 3071 3226
f 946 1073 1130
f 1059 924 1160
f 1255 1358 1415
f 884 737 744
f 3277 3365 3226
f 1623 1509 1631
f 1825 1848 1979
f 2736 2752 2850
f 1261 1432 1383
f 2354 2373 2512
f 3321 3260 3280
f 2373 2329 2512
f 2859 2977 2903
f 3208 3060 3157
f 3236 3208 3280
f 2743 2840 2766
f 2806 2759 2817
f 2817 2759 2943
f 2503 2436 2551
f 2436 2476 2556
f 2551 2436 2556
f 2476 2422 2577
f 3227 3226 3326
f 3022 2946 3060
f 2051 1927 2097
f 2329 2522 2512
f 2193 2074 2118
f 748 681 651
f 1073 1261 1237
f 3226 3248 3277
f 3142 3188 3178
f 2329 2401 2522
f 2491 2422 2343
f 3081 3047 3067
f 3166 3164 3205
f 2758 2965 2946
f 2840 2743 2806
f 2961 2783 2844
f 2582 2506 2615
f 626 726 642
f 129 171 226
f 2503 2477 2436
f 3359 3402 3404
f 3290 3305 3257
f 1420 1523 1499
f 1643 1702 1671
f 1493 1578 1490
f 1040 999 972
f 423 471 527
f 2622 2752 2736
f 1157 1131 1210
f 2996 3012 3127
f 3079 3023 3115
f 2996 2903 3012
f 2371 2436 2396
f 2476 2328 2422
f 2343 2422 2264
f 1098 1158 1084
f 2758 2805 2965
f 1676 1730 1747
f 3119 3115 3145
f 2852 2959 2932
f 1532 1572 1408
f 2611 2781 2678
f 737 568 637
f 1595 1513 1486
f 2619 2543 2638
f 3037 2898 3050
f 3260 3236 3280
f 2903 2996 3048
f 2328 2476 2436
f 325 280 313
f 3420 3368 3408
f 3359 3357 3290
f 3395 3416 3446
f 1415 1542 1411
f 1320 1420 1500
f 1473 1500 1588
f 2226 2390 2343
f 820 834 710
f 2817 2943 2953
f 2502 2588 2664
f 2638 2805 2758
f 2522 2543 2619
f 2895 2891 3038
f 2891 3048 3038
f 2436 2477 2396
f 3273 3260 3321
f 4 2 15
f 1237 1261 1420
f 2228 2206 2304
f 3226 3365 3326
f 3058 3023 3071
f 3115 3050 3079
f 3321 3314 3380
f 2254 2190 2312
f 2512 2619 2622
f 941 998 1060
f 2502 2664 2525
f 1727 1858 1656
f 2328 2280 2422
f 2422 2280 2264
f 1729 1517 1669
f 3376 3416 3395
f 1255 1188 1101
f 2664 2813 2781
f 494 700 560
f 486 621 650
f 1473 1358 1350
f 3139 3038 3048
f 3314 3241 3323
f 1013 1099 1033
f 2959 2780 2842
f 3408 3403 3424
f 3166 2963 3164
f 3139 3048 3113
f 25 13 19
f 1985 1904 2058
f 3048 2850 2903
f 1925 1825 1979
f 1901 1756 1725
f 2752 2859 2850
f 2752 2762 2859
f 1509 1384 1411
f 1160 1211 1377
f 1211 1371 1377
f 2406 2484 2532
f 2214 2185 2329
f 3275 3284 3353
f 1358 1473 1415
f 1228 1183 1180
f 1420 1261 1383
f 2284 2411 2353
f 2401 2329 2279
f 2472 2512 2588
f 1782 1625 1706
f 1742 1671 1702
f 1979 1964 2127
f 1509 1542 1631
f 2646 2490 2609
f 2895 3038 3055
f 367 394 349
f 1350 1500 1473
f 84 79 89
f 645 706 836
f 1350 1320 1500
f 1320 1237 1420
f 2431 2442 2489
f 2206 2225 2304
f 2365 2415 2484
f 2844 2731 2755
f 3060 2961 3090
f 3012 2977 3178
f 1735 1925 1837
f 3291 3321 3360
f 1 9 8
f 3411 3377 3428
f 2431 2341 2442
f 2903 2977 3012
f 3369 3340 3429
f 2052 2036 1950
f 1950 1974 2052
f 2573 2630 2529
f 2394 2453 2489
f 1291 1188 1321
f 567 555 544
f 894 745 749
f 1844 1936 1926
f 153 202 159
f 942 972 999
f 2910 2758 2946
f 955 839 813
f 1234 1030 1059
f 2965 2805 2783
f 1863 1765 1904
f 3167 3196 3176
f 2561 2418 2490
f 3248 3261 3277
f 909 1129 1216
f 96 71 77
f 3401 3357 3404
f 3323 3354 3376
f 90 127 85
f 2415 2431 2544
f 2755 2710 2827
f 3373 3420 3413
f 2762 2910 2977
f 2903 2850 2859
f 3350 3323 3376
f 1724 1770 1848
f 1921 1915 1974
f 1767 1844 1926
f 308 372 327
f 3464 3434 3446
f 1160 1150 1211
f 3101 3066 3267
f 2214 2329 2373
f 2586 2652 2500
f 2041 2053 2126
f 1420 1499 1588
f 308 377 372
f 2277 2171 2228
f 1950 1921 1974
f 3064 3081 3046
f 2637 2519 2508
f 916 794 829
f 2254 2161 2190
f 1644 1409 1608
f 2619 2762 2752
f 2500 2652 2637
f 3058 3071 3227
f 3335 3326 3365
f 676 568 761
f 2525 2554 2515
f 1505 1689 1599
f 1457 1590 1424
f 2449 2456 2502
f 1444 1429 1557
f 1936 2084 1926
f 2588 2751 2664
f 3395 3350 3376
f 3350 3395 3377
f 2544 2431 2489
f 2401 2543 2522
f 2859 2762 2977
f 2751 2622 2736
f 1364 1408 1254
f 3313 3368 3373
f 3340 3313 3373
f 1841 1950 1850
f 1936 1850 1950
f 1860 1921 1950
f 359 390 289
f 2411 2618 2550
f 2588 2622 2751
f 2415 2534 2484
f 3314 3377 3411
f 3380 3314 3411
f 1933 2032 2068
f 2946 3022 3142
f 2586 2678 2652
f 2946 2965 3060
f 2710 2771 2827
f 1275 1345 1305
f 3142 2910 2946
f 3058 3110 3115
f 1841 1860 1950
f 1860 1843 1874
f 1921 1860 1874
f 2708 2679 2728
f 1377 1441 1463
f 1974 1915 1940
f 3327 3288 3357
f 2619 2638 2758
f 1160 1377 1352
f 2554 2525 2611
f 3403 3396 3411
f 626 809 726
f 3277 3261 3313
f 3368 3353 3408
f 1816 1874 1843
f 1780 1816 1843
f 3313 3275 3368
f 1588 1499 1672
f 3288 3305 3357
f 650 969 782
f 2961 2993 3090
f 2619 2758 2762
f 2498 2327 2561
f 2371 2328 2436
f 2525 2664 2611
f 568 502 637
f 1499 1579 1672
f 2965 2961 3060
f 4 32 5
f 3275 3353 3368
f 1812 1860 1841
f 1827 1843 1860
f 1827 1780 1843
f 1631 1703 1623
f 1123 1126 1017
f 966 993 1088
f 2622 2619 2752
f 2508 2500 2637
f 2743 2759 2806
f 2064 1900 1861
f 3284 3334 3353
f 272 280 325
f 3157 2993 2920
f 2582 2699 2710
f 3205 3242 3166
f 621 797 789
f 2609 2392 2513
f 3373 3368 3420
f 2418 2362 2490
f 3055 3038 3139
f 1904 1832 1982
f 334 471 401
f 2586 2483 2554
f 3408 3353 3403
f 3037 3050 3115
f 94 81 96
f 1730 1841 1747
f 1730 1812 1841
f 1746 1816 1780
f 1816 1742 1811
f 1278 1515 1317
f 1473 1588 1542
f 737 637 744
f 3178 2977 3142
f 1234 1160 1352
f 1634 1578 1676
f 2996 3127 3113
f 2214 2373 2354
f 1352 1377 1432
f 1860 1812 1827
f 1804 1780 1827
f 1804 1746 1780
f 2961 2844 2993
f 1278 1409 1515
f 3288 3257 3305
f 2415 2544 2534
f 2544 2489 2540
f 2058 1982 2182
f 2813 2815 2891
f 2891 2815 2850
f 744 502 782
f 1898 1740 1767
f 2943 3055 2953
f 3211 3273 3291
f 2878 2827 2920
f 2965 2783 2961
f 1913 1933 1790
f 2666 2561 2616
f 3047 3101 3067
f 1781 1827 1812
f 1781 1804 1827
f 1698 1746 1804
f 1653 1742 1746
f 502 576 782
f 782 576 650
f 2766 2840 2898
f 3113 3245 3247
f 884 744 782
f 782 1048 924
f 505 523 627
f 2490 2392 2609
f 851 808 754
f 2852 2780 2959
f 1582 1590 1639
f 1192 1512 1409
f 1812 1730 1781
f 1781 1698 1804
f 1698 1653 1746
f 1671 1742 1653
f 1192 1385 1512
f 678 790 695
f 2502 2525 2515
f 3022 3060 3208
f 2522 2619 2512
f 2486 2506 2582
f 2860 2953 2958
f 2953 3174 2958
f 2860 2958 2982
f 3055 3216 2953
f 2710 2609 2582
f 782 969 1048
f 2615 2571 2667
f 1811 1874 1816
f 2638 2543 2498
f 1751 1698 1781
f 3288 3253 3257
f 3360 3321 3380
f 3301 3347 3372
f 2840 2806 2860
f 3231 3139 3223
f 3139 3113 3223
f 3113 3211 3245
f 3090 2993 3157
f 401 471 423
f 1735 1825 1925
f 1261 1234 1352
f 1703 1751 1781
f 1629 1698 1751
f 1698 1629 1653
f 1432 1261 1352
f 1945 2026 1907
f 1597 1556 1520
f 3253 3288 3269
f 2742 2730 2906
f 2780 2723 2842
f 1020 991 1203
f 1863 1901 1725
f 2953 3216 3174
f 10 14 3
f 2783 2731 2844
f 1850 1775 1795
f 1623 1781 1730
f 1623 1703 1781
f 1569 1671 1653
f 1214 1126 1209
f 1898 1767 1926
f 2472 2588 2456
f 3113 3247 3223
f 2958 3174 3043
f 3211 3291 3245
f 2341 2352 2442
f 2806 2817 2860
f 1754 1811 1742
f 911 962 1067
f 3365 3313 3340
f 2652 2743 2637
f 2543 2401 2498
f 2561 2327 2418
f 1578 1730 1676
f 1703 1719 1751
f 1719 1629 1751
f 1579 1653 1629
f 1653 1579 1569
f 3043 3174 3226
f 37 24 23
f 643 745 859
f 2720 2748 2708
f 2615 2506 2571
f 3066 3047 3036
f 884 782 924
f 2277 2385 2415
f 2277 2415 2365
f 2569 2689 2621
f 1672 1629 1719
f 1672 1579 1629
f 1556 1643 1671
f 1569 1556 1671
f 1535 1513 1595
f 159 102 153
f 3237 3196 3253
f 3253 3196 3257
f 668 495 643
f 2337 2371 2396
f 2755 2646 2710
f 2982 2958 3023
f 1350 1130 1320
f 1669 1616 1872
f 3090 3157 3060
f 2664 2781 2611
f 1815 1955 1946
f 2652 2678 2743
f 2664 2751 2813
f 3242 3157 3166
f 2312 2394 2352
f 1523 1569 1579
f 1643 1556 1597
f 1684 1834 1713
f 90 76 108
f 35 45 52
f 1953 1898 2006
f 3383 3358 3331
f 3261 3275 3313
f 3211 3178 3273
f 3071 2958 3043
f 1441 1377 1371
f 3223 3275 3261
f 2751 2736 2815
f 1377 1520 1556
f 2509 2445 2628
f 2993 2844 2878
f 2759 2781 2943
f 1703 1631 1719
f 1631 1672 1719
f 1432 1556 1569
f 1499 1523 1579
f 3365 3277 3313
f 1457 1615 1590
f 3340 3373 3413
f 2755 2827 2878
f 3178 3260 3273
f 946 1030 1073
f 3291 3273 3321
f 3055 3139 3216
f 3022 3208 3188
f 813 946 1085
f 1077 1175 1281
f 2943 2781 2895
f 1458 1569 1523
f 1569 1458 1432
f 3196 3237 3199
f 2305 2389 2452
f 3326 3279 3227
f 930 969 789
f 1383 1458 1523
f 218 490 338
f 2351 2213 2252
f 2351 2266 2213
f 1272 1376 1451
f 2045 2109 2021
f 284 399 397
f 284 338 399
f 1214 1255 1101
f 1704 1878 1689
f 2149 2298 2299
f 2572 2478 2552
f 2049 2194 2162
f 2111 2030 1999
f 1090 1119 1185
f 1638 1534 1516
f 3158 2940 2917
f 2430 2348 2334
f 226 284 397
f 1895 1942 1818
f 338 203 218
f 1590 1615 1694
f 2177 2300 2345
f 1970 1980 1876
f 2162 2295 2238
f 2238 2333 2158
f 2649 2694 2685
f 982 1151 1273
f 171 284 226
f 1638 1516 1677
f 171 203 284
f 2333 2265 2170
f 338 490 399
f 397 399 528
f 689 815 910
f 573 549 669
f 712 825 961
f 502 568 377
f 2201 2265 2294
f 1000 825 837
f 540 683 697
f 2294 2272 2193
f 2272 2303 2163
f 2550 2569 2376
f 1844 1850 1936
f 2163 2303 2237
f 753 665 786
f 572 465 546
f 2757 2803 2923
f 2363 2349 2270
f 2285 2363 2270
f 392 509 429
f 2109 2316 2115
f 2575 2480 2424
f 485 660 549
f 528 722 648
f 856 991 1020
f 2353 2550 2376
f 687 721 776
f 1745 1882 1688
f 2575 2610 2480
f 2025 1970 1916
f 896 735 928
f 809 979 931
f 111 218 203
f 392 372 509
f 747 822 858
f 920 1002 1009
f 111 127 218
f 726 931 757
f 1101 1017 1126
f 2052 2152 2323
f 1548 1680 1685
f 563 657 690
f 722 528 535
f 535 490 694
f 4 15 26
f 26 54 32
f 767 830 973
f 479 697 626
f 2298 2376 2393
f 479 540 697
f 706 562 676
f 509 568 676
f 1378 1311 1359
f 2305 2357 2252
f 1970 1836 1916
f 1809 1726 1693
f 1056 1189 1192
f 2060 2200 2106
f 2403 2337 2493
f 1024 1279 1036
f 1437 1823 1584
f 901 861 1029
f 822 767 973
f 822 945 858
f 861 1056 1029
f 1282 1181 1212
f 1056 1159 1189
f 1782 1831 1637
f 2803 2757 2578
f 399 535 528
f 511 472 478
f 171 99 203
f 99 111 203
f 1173 1145 1197
f 425 374 341
f 571 519 678
f 960 790 949
f 1997 2105 2025
f 2105 1997 2074
f 1953 1740 1898
f 2529 2383 2441
f 2101 1987 2090
f 1047 963 958
f 1716 1797 1655
f 807 858 959
f 858 980 959
f 2003 1980 2108
f 1975 2060 1903
f 2618 2689 2569
f 863 937 1046
f 1760 1868 1798
f 1807 1758 1663
f 1882 2027 1949
f 972 885 916
f 1847 1861 1764
f 2026 1997 1907
f 2198 2143 2123
f 963 875 958
f 1024 850 1020
f 1012 1212 1181
f 444 536 483
f 2154 2197 2128
f 477 472 511
f 2038 1942 1984
f 802 599 692
f 945 822 973
f 1895 1791 1869
f 1900 1941 1808
f 1873 1938 1797
f 1938 1882 1797
f 807 959 979
f 1942 1945 1818
f 2375 2111 2315
f 342 327 365
f 2375 2259 2111
f 988 1054 913
f 1609 1357 1464
f 457 487 531
f 2378 2501 2462
f 171 129 99
f 492 549 573
f 5 32 16
f 2291 2295 2194
f 980 1023 1187
f 1829 1907 1916
f 757 931 932
f 2221 2209 2140
f 492 573 496
f 747 858 807
f 2743 2766 2637
f 1946 2081 1964
f 836 955 1007
f 1017 919 1007
f 858 945 980
f 2275 2447 2255
f 1067 1240 1254
f 2140 2059 2061
f 568 737 761
f 2201 2193 2118
f 849 757 932
f 1945 1849 1818
f 815 849 910
f 2372 2386 2272
f 850 856 1020
f 512 621 486
f 676 481 509
f 944 850 1024
f 1945 1907 1849
f 1067 1181 1240
f 1900 1808 1764
f 979 1109 1078
f 689 910 911
f 909 689 911
f 372 568 509
f 2213 2082 2186
f 945 973 1065
f 2744 2767 2874
f 2569 2432 2393
f 1716 1873 1797
f 1876 1727 1836
f 1821 1869 1791
f 1109 1187 1338
f 1941 1819 1808
f 901 1029 1083
f 2158 2101 2090
f 2213 2100 2082
f 2095 2061 2016
f 2127 1964 2081
f 353 406 336
f 809 807 979
f 849 932 1012
f 1712 1873 1716
f 1148 990 1139
f 1122 1259 1220
f 1895 1720 1791
f 979 1078 1122
f 932 1122 1212
f 1012 932 1212
f 1129 1067 1254
f 1384 1403 1291
f 95 111 99
f 85 127 111
f 95 85 111
f 1584 1601 1450
f 278 240 289
f 830 763 974
f 763 901 974
f 2461 2591 2417
f 240 278 223
f 2767 2637 2766
f 319 226 397
f 910 962 911
f 1699 1675 1768
f 1760 1798 1679
f 1067 1012 1181
f 1802 1833 1684
f 562 481 676
f 919 860 1007
f 399 490 535
f 2888 2911 2990
f 77 99 96
f 531 487 586
f 951 752 698
f 2428 2457 2363
f 997 984 1052
f 672 649 550
f 34 25 30
f 1148 1139 1227
f 1122 1078 1259
f 1255 1415 1321
f 3246 3283 3318
f 585 584 657
f 472 499 478
f 586 487 504
f 1938 2027 1882
f 722 856 850
f 1636 1863 1725
f 3164 3194 3205
f 472 452 499
f 68 85 95
f 2644 2579 2650
f 2059 2140 2138
f 1023 1267 1187
f 2198 2123 2128
f 1206 1192 1409
f 1351 1148 1227
f 1065 1206 1278
f 980 1187 1109
f 2255 2400 2284
f 1023 945 1065
f 722 694 856
f 2294 2372 2272
f 1510 1489 1641
f 78 99 77
f 78 95 99
f 2070 2185 2139
f 1983 1999 1873
f 694 490 693
f 1895 1818 1720
f 1187 1394 1338
f 2123 2095 2078
f 78 68 95
f 618 586 504
f 696 660 767
f 660 763 830
f 503 632 451
f 204 107 124
f 499 491 521
f 1317 1065 1278
f 474 470 438
f 1024 1020 1279
f 1020 1203 1279
f 973 974 1065
f 830 974 973
f 1795 1841 1850
f 2515 2554 2520
f 1018 1184 1041
f 3053 2911 2689
f 103 89 107
f 660 830 767
f 787 616 648
f 1846 1753 1667
f 1129 1254 1398
f 184 129 226
f 960 949 1116
f 1129 1398 1216
f 4 26 32
f 1029 1056 1192
f 2380 2270 2349
f 1029 1192 1206
f 642 757 664
f 642 726 757
f 909 911 1129
f 2380 2335 2270
f 2061 2221 2140
f 2335 2410 2302
f 2410 2324 2302
f 1260 1109 1327
f 696 767 822
f 1300 1466 1328
f 2383 2267 2324
f 2411 2550 2353
f 1122 1220 1212
f 1797 1745 1655
f 1187 1267 1394
f 350 313 305
f 777 803 682
f 669 696 747
f 57 78 77
f 1900 1764 1861
f 1873 1999 1938
f 697 807 809
f 910 1012 962
f 1206 1409 1278
f 1083 1029 1206
f 2267 2383 2334
f 2197 2198 2128
f 1970 1876 1836
f 1109 1338 1327
f 194 254 295
f 660 703 763
f 78 57 68
f 68 54 85
f 2716 2610 2575
f 1764 1808 1743
f 1056 861 1159
f 901 1083 974
f 1819 1873 1712
f 1254 1240 1364
f 44 56 38
f 728 780 874
f 657 843 771
f 1216 1398 1400
f 1254 1408 1398
f 1955 1933 2068
f 1192 1189 1385
f 1267 1023 1317
f 959 980 1109
f 633 563 690
f 3281 3297 3203
f 2808 2578 2617
f 1997 2025 1916
f 2143 2221 2061
f 1123 1209 1126
f 1730 1578 1623
f 2391 2469 2378
f 203 338 284
f 664 757 849
f 2716 2757 2923
f 683 747 807
f 708 689 909
f 3037 2874 2898
f 2648 2630 2698
f 3314 3280 3241
f 2278 2362 2418
f 759 630 688
f 910 849 1012
f 2101 1984 1987
f 747 696 822
f 2185 2058 2182
f 657 771 690
f 1578 1554 1623
f 2256 2141 2266
f 339 334 401
f 294 303 334
f 697 683 807
f 633 506 563
f 708 909 843
f 1509 1493 1403
f 2442 2352 2394
f 2278 2418 2327
f 630 579 595
f 1841 1795 1747
f 657 708 843
f 949 678 770
f 2390 2244 2378
f 2290 2391 2378
f 2391 2290 2323
f 187 172 237
f 932 931 1122
f 1083 1206 1065
f 974 1083 1065
f 1023 1065 1317
f 931 979 1122
f 652 815 689
f 2279 2247 2401
f 634 462 616
f 1411 1542 1509
f 1925 1979 2007
f 618 506 633
f 1747 1795 1711
f 652 664 815
f 2244 2290 2378
f 1338 1449 1363
f 309 308 327
f 979 959 1109
f 1961 1830 1837
f 2247 2230 2327
f 2230 2278 2327
f 1603 1761 1607
f 1926 2084 2110
f 1238 1105 1066
f 77 48 57
f 2211 2244 2390
f 1394 1267 1433
f 2128 2028 2154
f 57 47 68
f 2434 2507 2407
f 1078 1109 1260
f 962 1012 1067
f 535 694 722
f 645 562 706
f 2185 2279 2329
f 2234 2362 2278
f 1189 1351 1385
f 1823 1903 1584
f 2211 2390 2226
f 2290 2174 2323
f 1474 1664 1724
f 726 809 931
f 2102 1936 2036
f 2357 2351 2252
f 2182 2247 2279
f 1351 1227 1427
f 306 462 493
f 2290 2244 2174
f 298 367 349
f 2766 2898 2767
f 2228 2127 2206
f 2254 2225 2161
f 584 689 708
f 321 299 273
f 885 832 916
f 3429 3386 3369
f 2182 2279 2185
f 2055 2230 2247
f 47 54 68
f 2103 2127 2228
f 2171 2103 2228
f 2081 2161 2225
f 1572 1570 1408
f 584 652 689
f 1982 2247 2182
f 2051 2278 2230
f 2029 2051 2230
f 2051 2234 2278
f 471 374 498
f 657 584 708
f 1872 2055 1982
f 2110 2211 2226
f 2102 2244 2211
f 2244 2102 2174
f 2206 2081 2225
f 47 30 19
f 1982 2055 2247
f 2055 2029 2230
f 1872 2029 2055
f 2007 1979 2103
f 1946 1955 2068
f 1927 2051 2029
f 2501 2378 2469
f 1677 1639 1694
f 2110 2084 2211
f 2084 2102 2211
f 2036 2052 2174
f 1689 1440 1704
f 2007 2103 2171
f 2204 2007 2171
f 2127 2081 2206
f 2081 2068 2161
f 2032 2190 2161
f 2082 2100 2009
f 1369 1344 1536
f 1891 2020 1787
f 572 510 465
f 500 474 520
f 2068 2032 2161
f 2157 2196 2215
f 1512 1517 1729
f 2102 2036 2174
f 2103 1979 2127
f 1518 1567 1651
f 2072 2181 2287
f 2181 2313 2287
f 1891 2071 2020
f 1203 1154 1380
f 69 76 51
f 17 36 15
f 2150 2330 2309
f 1993 2098 2093
f 69 56 74
f 36 64 54
f 1649 1828 1682
f 643 495 493
f 2085 2082 2009
f 258 202 366
f 1957 1834 1833
f 2458 2539 2333
f 790 678 949
f 1933 1913 2032
f 2706 2655 2753
f 2178 2312 2190
f 9 5 16
f 2563 2549 2532
f 442 486 576
f 3322 3343 3382
f 2032 1913 2075
f 2075 2178 2190
f 2249 2312 2178
f 1913 2065 2075
f 2564 2626 2536
f 1896 2065 1913
f 2075 2065 2178
f 2178 2168 2249
f 2397 2613 2632
f 2485 2397 2632
f 1896 1913 1790
f 2065 2168 2178
f 2249 2168 2292
f 1257 1416 1503
f 2062 1929 2159
f 2039 2065 1896
f 2065 2039 2168
f 1870 2039 1896
f 2168 2236 2292
f 2292 2236 2308
f 2292 2404 2394
f 1656 1787 1651
f 3379 3299 3333
f 2008 2039 1870
f 2039 2008 2168
f 2133 2236 2168
f 2243 2354 2308
f 1929 2006 2159
f 1984 1942 1895
f 2008 2133 2168
f 2243 2236 2133
f 2243 2308 2236
f 2283 2268 2361
f 2003 2150 2071
f 2573 2441 2478
f 1986 2008 1870
f 2008 2076 2133
f 2139 2243 2133
f 2076 2139 2133
f 2139 2214 2243
f 1620 1748 1591
f 1779 1801 1883
f 1883 1937 1954
f 2071 2150 2309
f 2552 2419 2380
f 2575 2359 2474
f 2008 1986 2076
f 3410 3342 3344
f 2047 2153 2000
f 1203 1380 1475
f 2446 2552 2380
f 3062 3162 3024
f 2115 1999 1983
f 1870 1788 1986
f 1901 2070 1986
f 1986 2070 2076
f 2076 2070 2139
f 1776 1740 1953
f 2320 2451 2323
f 749 634 616
f 2115 1983 2021
f 1901 1985 2070
f 1645 1786 1759
f 2491 2343 2496
f 404 751 693
f 1901 1863 1985
f 2617 2578 2433
f 751 1014 693
f 2427 2259 2375
f 751 1022 1014
f 2726 2722 2756
f 2346 2459 2402
f 2181 2020 2137
f 1887 1993 1967
f 1279 1203 1436
f 1763 1878 1927
f 2760 2718 3017
f 1884 1996 1994
f 41 51 33
f 15 7 17
f 2234 2245 2362
f 2077 2224 2153
f 89 94 107
f 2613 2715 2839
f 73 53 58
f 1472 1777 1723
f 86 121 76
f 1723 1884 1786
f 1949 2049 1869
f 1996 2125 2098
f 871 1089 912
f 2270 2215 2196
f 1136 941 1170
f 1861 2080 2064
f 1777 1884 1723
f 1723 1786 1647
f 2514 2402 2581
f 2390 2496 2343
f 54 90 85
f 1472 1647 1422
f 93 73 88
f 2624 2640 2718
f 119 258 200
f 1996 2062 2122
f 2062 2142 2122
f 1854 1977 1952
f 1977 2062 1952
f 1649 1715 1828
f 2433 2295 2291
f 1628 1650 1710
f 2640 2848 2718
f 2100 2043 1976
f 28 41 33
f 2153 2296 2152
f 2142 2173 2122
f 2125 1996 2122
f 308 349 377
f 1022 1257 1262
f 2459 2640 2624
f 2115 2021 2109
f 1257 1199 1416
f 2467 2602 2595
f 1066 1037 1196
f 1858 1787 1656
f 1858 1891 1787
f 2062 2159 2183
f 2718 2848 3017
f 1203 1475 1436
f 2163 2237 2108
f 2003 2071 1891
f 1858 2003 1891
f 33 36 17
f 1839 1762 1779
f 2150 2237 2330
f 2632 2613 2839
f 1854 1929 1977
f 2295 2458 2238
f 2183 2159 2264
f 2286 2309 2397
f 2313 2485 2517
f 1074 1098 1002
f 2006 2110 2159
f 21 28 33
f 2458 2333 2238
f 2241 2122 2239
f 1406 1555 1536
f 785 922 560
f 101 159 119
f 2521 2628 2445
f 101 102 159
f 1158 1098 1074
f 3320 3387 3345
f 1994 1996 2098
f 1624 1614 1709
f 2239 2371 2337
f 2833 2687 2868
f 404 537 751
f 1914 2077 2047
f 2581 2459 2624
f 1953 2006 1929
f 148 175 158
f 616 462 434
f 1428 1503 1649
f 2665 2799 2600
f 2072 2020 2181
f 1937 1914 2047
f 1952 2062 1996
f 991 1154 1203
f 2077 2153 2047
f 1884 1994 1786
f 1647 1786 1645
f 1723 1647 1472
f 1307 1251 1081
f 2072 2287 2262
f 2224 2262 2346
f 981 1257 1022
f 2346 2262 2459
f 1124 1090 1213
f 838 1014 991
f 2296 2402 2514
f 200 258 384
f 1940 2000 1974
f 2058 2070 1985
f 922 1001 1199
f 1154 1428 1380
f 2165 2066 2041
f 1884 1952 1996
f 1993 1994 2098
f 1302 1211 1230
f 789 969 650
f 1690 1778 1768
f 2098 2125 2172
f 2241 2403 2347
f 1994 1887 1786
f 2359 2294 2265
f 2043 2141 2040
f 2265 2201 2170
f 2362 2245 2392
f 1213 1344 1369
f 2241 2239 2337
f 1036 1279 1193
f 2125 2241 2172
f 2125 2122 2241
f 536 561 483
f 576 502 442
f 2479 2558 2613
f 33 51 36
f 1847 1764 1772
f 1246 1454 1229
f 1828 2020 1932
f 2524 2237 2303
f 1593 1777 1472
f 394 367 442
f 1257 981 922
f 1553 1614 1624
f 2517 2485 2632
f 1998 1928 1830
f 2183 2173 2142
f 2122 2173 2239
f 2440 2470 2527
f 2051 2097 2245
f 2281 2392 2245
f 1646 1854 1593
f 1555 1650 1628
f 2624 2718 2760
f 2287 2313 2517
f 1883 1838 1937
f 2833 2677 2687
f 2172 2347 2319
f 3369 3365 3340
f 2241 2337 2403
f 1084 1048 1098
f 1157 1038 1131
f 1380 1428 1604
f 751 691 1022
f 1763 1689 1878
f 1648 1776 1646
f 2181 2286 2313
f 2038 2118 2026
f 1822 1838 1883
f 1838 1914 1937
f 2224 2072 2262
f 1257 922 1199
f 2072 2224 2077
f 88 102 93
f 153 104 185
f 2354 2243 2214
f 2097 2129 2245
f 2245 2129 2281
f 1858 1876 2003
f 1876 1980 2003
f 1932 2072 1914
f 2344 2392 2281
f 2344 2513 2392
f 3107 3310 3267
f 2183 2264 2280
f 2173 2183 2280
f 349 394 377
f 1776 1953 1929
f 2072 2077 1914
f 69 86 76
f 2020 2072 1932
f 2402 2459 2581
f 2003 2108 2150
f 119 159 258
f 2000 2153 2152
f 2040 2080 1972
f 2397 2309 2479
f 1838 1778 1914
f 119 121 86
f 2579 2635 2650
f 2486 2513 2344
f 2173 2280 2239
f 2280 2371 2239
f 2687 2572 2552
f 1645 1759 1566
f 1074 1225 1158
f 856 694 838
f 1778 1932 1914
f 1768 1778 1838
f 2459 2517 2640
f 1940 1954 2000
f 437 342 365
f 2701 2617 2545
f 2486 2582 2513
f 1704 1892 1878
f 2097 1892 2129
f 2129 2192 2281
f 2062 2183 2142
f 2091 2093 2172
f 1967 1993 2093
f 2796 2697 2738
f 74 101 86
f 2215 2154 2157
f 69 74 86
f 759 717 760
f 1878 1892 2097
f 2281 2192 2344
f 1786 1887 1759
f 51 76 64
f 1847 1772 1726
f 2632 2839 2848
f 218 233 404
f 1357 1704 1440
f 1892 2192 2129
f 258 366 385
f 1854 1952 1884
f 121 119 200
f 2403 2470 2347
f 2262 2287 2459
f 691 751 537
f 2342 2486 2344
f 2342 2506 2486
f 1028 977 898
f 1854 1884 1777
f 2286 2137 2309
f 1977 1929 2062
f 44 53 56
f 691 981 1022
f 1704 1840 1892
f 1892 1840 2192
f 1840 2017 2192
f 2192 2166 2344
f 101 93 102
f 2581 2624 2631
f 2517 2632 2640
f 2459 2287 2517
f 2297 2277 2365
f 1609 1704 1357
f 1704 1609 1840
f 2342 2344 2166
f 1014 1154 991
f 2631 2753 2655
f 1275 1194 1210
f 2017 2166 2192
f 2465 2506 2342
f 1262 1428 1154
f 1854 1777 1593
f 2093 2098 2172
f 2753 2631 2760
f 28 21 27
f 1759 1695 1566
f 3143 3082 3103
f 2152 2296 2320
f 3422 3310 3317
f 1846 1871 1753
f 1871 1792 1753
f 2848 2839 2992
f 856 838 991
f 1646 1776 1854
f 2159 2226 2343
f 3366 3357 3401
f 2296 2153 2402
f 1344 1406 1536
f 1325 1302 1225
f 2286 2397 2485
f 2320 2296 2395
f 2296 2514 2395
f 486 650 576
f 437 365 519
f 384 258 385
f 1776 1648 1740
f 3189 2980 2867
f 3355 3372 3383
f 2581 2631 2514
f 218 127 233
f 1882 1821 1688
f 1609 1810 1840
f 1840 1810 2017
f 2166 2263 2342
f 2263 2465 2342
f 2523 2571 2465
f 1768 1838 1822
f 3192 3272 3320
f 2799 2669 2600
f 1674 1856 1807
f 949 919 1101
f 1810 1922 2017
f 2058 2185 2070
f 2477 2503 2530
f 3105 3192 3092
f 3192 3105 3272
f 2397 2479 2613
f 46 34 48
f 1713 1856 1674
f 1609 1419 1810
f 2465 2399 2523
f 2523 2518 2644
f 3320 3272 3342
f 3358 3378 3318
f 2640 2632 2848
f 1745 1797 1882
f 2017 1922 2166
f 2263 2399 2465
f 2399 2518 2523
f 2571 2506 2465
f 3410 3387 3342
f 915 790 960
f 1760 1835 1868
f 2307 2399 2263
f 1967 2093 2091
f 2402 2224 2346
f 3105 3067 3272
f 55 49 46
f 1416 1518 1503
f 1262 1257 1503
f 1074 1124 1225
f 1419 1659 1810
f 1810 1659 1922
f 1922 2056 2166
f 2175 2263 2166
f 2175 2307 2263
f 1981 1759 1967
f 1230 1211 1150
f 3272 3267 3342
f 2467 2595 2471
f 56 73 74
f 2441 2573 2529
f 1022 1262 1014
f 1325 1441 1371
f 1809 1847 1726
f 2166 2056 2175
f 2494 2518 2399
f 2494 2579 2518
f 1854 1776 1929
f 3067 3101 3272
f 1758 1875 1809
f 2318 2399 2307
f 1225 1213 1325
f 3101 3267 3272
f 1002 920 891
f 693 1014 838
f 2733 2603 2627
f 1806 1836 1727
f 1660 1806 1727
f 1659 1343 1607
f 2175 2318 2307
f 2416 2399 2318
f 2416 2494 2399
f 3344 3310 3427
f 693 838 694
f 384 537 404
f 1806 1660 1670
f 1821 1791 1708
f 2067 2212 2149
f 1607 1783 1659
f 1783 1922 1659
f 1783 1960 1922
f 2056 2112 2175
f 2112 2318 2175
f 2494 2635 2579
f 1213 1185 1344
f 2085 2246 2186
f 490 404 693
f 442 502 394
f 3267 3310 3344
f 1213 1369 1325
f 646 651 647
f 965 843 909
f 1960 2056 1922
f 2337 2396 2499
f 1403 1304 1196
f 159 202 258
f 2226 2159 2110
f 570 981 691
f 2172 2241 2347
f 1708 1791 1720
f 1829 1678 1666
f 270 353 336
f 1960 2112 2056
f 2251 2368 2416
f 2318 2251 2416
f 2494 2568 2635
f 1036 1193 1131
f 74 73 101
f 2798 2896 2942
f 2313 2286 2485
f 2644 2571 2523
f 101 73 93
f 832 905 818
f 1906 2041 1833
f 651 681 647
f 811 759 760
f 2416 2368 2494
f 1180 1157 1210
f 1957 1920 1834
f 41 56 69
f 1779 1883 1940
f 1628 1661 1598
f 1807 1886 1758
f 1886 1875 1758
f 1909 1960 1783
f 2907 3120 2924
f 2969 2791 2849
f 3361 3431 3352
f 3106 3266 3299
f 3363 3421 3422
f 2902 2819 2719
f 2184 2271 2218
f 2989 2984 2733
f 2680 2676 2719
f 2896 2939 2942
f 1518 1416 1374
f 3308 3343 3298
f 102 88 104
f 3002 3052 3004
f 2832 2725 2792
f 161 169 138
f 1196 1037 1116
f 2875 2717 2923
f 3430 3328 3336
f 3120 3106 2924
f 2440 2527 2475
f 3292 3363 3317
f 2769 2745 2693
f 3135 3143 3111
f 13 9 19
f 2940 2733 2739
f 2924 3106 2834
f 942 905 885
f 634 493 462
f 3364 3319 3378
f 829 790 915
f 1553 1470 1614
f 381 348 309
f 202 153 185
f 3477 3421 3430
f 1170 941 1060
f 1340 1186 1303
f 3250 3289 3243
f 2668 2564 2529
f 3003 2916 2949
f 2564 2697 2626
f 766 920 897
f 3374 3412 3265
f 279 295 254
f 2833 2788 2677
f 2607 2790 2683
f 758 743 851
f 3276 3374 3189
f 961 825 976
f 3149 3186 3135
f 2679 2657 2673
f 1705 1532 1565
f 2769 2924 2745
f 2902 2967 2819
f 1272 1451 1406
f 560 290 494
f 1050 958 995
f 2949 3020 3003
f 1131 1193 1210
f 3033 3076 2914
f 818 713 704
f 700 785 560
f 169 148 138
f 3406 3392 3388
f 2693 2680 2703
f 3089 3120 2907
f 2719 2819 2703
f 1733 1614 1711
f 1134 1119 921
f 3132 3175 3097
f 2907 2924 2769
f 785 700 750
f 882 785 750
f 3474 3430 3412
f 3328 3278 3336
f 3189 3374 3265
f 1376 1577 1451
f 3097 2969 2849
f 3007 3183 3132
f 3035 2964 3095
f 987 1117 887
f 1001 882 943
f 922 785 882
f 1001 922 882
f 3299 3362 3193
f 3003 2947 2897
f 3141 3097 3175
f 3250 3175 3187
f 1204 1228 1180
f 3255 3278 3063
f 3033 2914 2795
f 2869 3033 2795
f 1111 1001 943
f 124 94 129
f 919 1017 1101
f 3158 3177 2989
f 2989 3177 2984
f 2849 2832 3097
f 3265 3255 3095
f 3042 2899 2833
f 3336 3278 3255
f 2683 2691 2608
f 434 319 397
f 3382 3367 3322
f 2536 2626 2607
f 2607 2683 2608
f 2841 3133 2867
f 2745 2924 2834
f 3250 3141 3175
f 2334 2348 2253
f 1066 1196 1304
f 1771 1859 1691
f 3250 3187 3298
f 1650 1555 1577
f 1081 942 999
f 3405 3409 3330
f 3186 3143 3135
f 2277 2204 2171
f 1 5 9
f 2348 2382 2293
f 2209 2334 2253
f 2253 2348 2293
f 756 721 632
f 1572 1691 1570
f 554 635 707
f 3189 3147 2980
f 949 770 919
f 3132 3097 2936
f 2536 2607 2533
f 1091 1072 1107
f 3276 3361 3352
f 2558 2330 2524
f 3120 3234 3266
f 3278 3328 3292
f 3356 3405 3330
f 2536 2533 2438
f 1085 1017 1007
f 1374 1111 1268
f 1374 1199 1111
f 3246 3318 3262
f 2106 2222 2212
f 3147 3265 3095
f 3086 3003 3114
f 2796 2814 2697
f 3292 3143 3186
f 942 1080 905
f 3436 3412 3374
f 3292 3186 3278
f 2625 2519 2637
f 1711 1557 1634
f 3077 3063 3149
f 2533 2481 2438
f 2627 2603 2553
f 2683 2790 2824
f 2907 2703 2819
f 3158 3202 3177
f 3170 2969 3141
f 3441 3310 3422
f 3076 2939 2914
f 1459 1532 1379
f 3232 2992 2855
f 389 306 493
f 3401 3404 3406
f 3381 3385 3339
f 3262 3318 3319
f 2916 3003 2897
f 3189 3265 3147
f 3379 3389 3299
f 3125 3107 3267
f 2798 2942 2825
f 3255 3063 3095
f 3381 3339 3349
f 2824 2801 2683
f 2360 2293 2382
f 3097 2877 2936
f 2791 2725 2849
f 2914 2749 2795
f 2627 2505 2528
f 1470 1444 1557
f 2907 2769 2703
f 3259 3282 3256
f 1163 1194 1226
f 2484 2406 2365
f 3317 3143 3292
f 3258 3349 3339
f 3349 3258 3256
f 2468 2382 2481
f 2834 3106 3193
f 2791 2719 2725
f 2841 3193 3133
f 2677 2573 2572
f 3389 3362 3299
f 2834 3193 2841
f 3406 3402 3392
f 3431 3361 3362
f 1081 1080 942
f 851 754 758
f 3262 3282 3274
f 1361 1224 1353
f 2138 2209 2208
f 1201 1287 1228
f 429 481 562
f 3474 3412 3436
f 3176 3196 3199
f 1687 1574 1610
f 1625 1782 1540
f 45 35 37
f 3097 2832 2877
f 561 653 587
f 3165 3256 3172
f 2719 2703 2680
f 2855 2992 2715
f 2795 2749 2653
f 3274 3259 3212
f 3346 3256 3282
f 2564 2668 2697
f 3263 3232 3065
f 2914 2896 2749
f 1717 1687 1610
f 3250 3243 3141
f 1489 1439 1461
f 917 859 898
f 854 1138 835
f 3319 3346 3282
f 2394 2312 2292
f 1091 1096 1071
f 24 22 18
f 13 23 18
f 3179 3197 3093
f 872 834 820
f 73 56 53
f 3412 3336 3265
f 1069 1091 1071
f 3409 3379 3330
f 1785 1717 1610
f 1737 1687 1717
f 1794 1737 1717
f 1737 1654 1687
f 3336 3255 3265
f 2969 3170 2967
f 2740 2695 2636
f 2437 2428 2377
f 3007 2990 2911
f 3183 3298 3187
f 24 18 23
f 3392 3402 3382
f 2548 2604 2653
f 3258 3339 3263
f 1096 961 976
f 1392 1546 1498
f 3193 3276 3133
f 2733 2627 2739
f 3333 3299 3266
f 1717 1785 1794
f 3132 2936 2947
f 1301 1217 1093
f 1091 1042 1072
f 3259 3256 3165
f 3298 3289 3250
f 1260 1259 1078
f 2253 2293 2208
f 2209 2253 2208
f 2293 2360 2271
f 2293 2271 2208
f 1779 1650 1685
f 3423 3362 3389
f 3256 3258 3172
f 1072 1042 1047
f 2798 2825 2740
f 2867 3133 3189
f 2814 2790 2697
f 1853 1794 1865
f 1824 1737 1794
f 1853 1824 1794
f 1580 1574 1687
f 1043 1096 1097
f 731 711 702
f 3339 3304 3232
f 2212 2376 2298
f 1824 1835 1766
f 3430 3336 3412
f 1602 1521 1527
f 2475 2527 2601
f 2428 2311 2377
f 3339 3232 3263
f 2208 2271 2184
f 3430 3421 3328
f 2896 2798 2749
f 2702 2798 2740
f 66 55 71
f 963 881 875
f 3319 3282 3262
f 438 470 450
f 3274 3282 3259
f 1107 1052 1097
f 2653 2749 2662
f 761 839 676
f 2300 2177 2257
f 743 848 851
f 3436 3374 3352
f 976 1071 1096
f 2528 2505 2437
f 2377 2435 2437
f 942 885 972
f 3263 3152 3258
f 881 811 875
f 2629 2741 2739
f 1853 1934 1824
f 1934 1835 1824
f 1766 1835 1760
f 1096 1107 1097
f 2348 2438 2382
f 1963 2078 2016
f 2256 2339 2257
f 3132 2947 3007
f 2446 2553 2552
f 1490 1578 1634
f 3278 3149 3063
f 3052 3107 3125
f 2505 2428 2437
f 2386 2303 2272
f 2078 1963 2128
f 3317 3310 3173
f 3097 3141 2969
f 3106 3299 3193
f 3183 3187 3132
f 2330 2558 2479
f 2351 2339 2256
f 2339 2408 2257
f 2408 2300 2257
f 2939 2896 2914
f 2791 2902 2719
f 1374 1416 1199
f 3018 3103 3082
f 2553 2446 2457
f 2505 2457 2428
f 2847 2790 2814
f 3263 3065 3152
f 3065 3232 2855
f 3197 3215 3202
f 1853 1865 1934
f 3149 3135 3045
f 2697 2790 2626
f 2626 2790 2607
f 3346 3349 3256
f 365 392 429
f 706 676 839
f 3101 3047 3066
f 2481 2382 2438
f 3406 3404 3402
f 3338 3388 3302
f 3357 3359 3404
f 2553 2457 2505
f 3259 3165 3212
f 1238 1066 1304
f 1518 1374 1567
f 2001 1865 1958
f 2001 1934 1865
f 607 572 579
f 630 607 579
f 1302 1371 1211
f 710 686 680
f 2339 2473 2408
f 2408 2345 2300
f 1677 1734 1638
f 3276 3352 3374
f 1888 1897 1714
f 2627 2553 2505
f 2538 2386 2480
f 2538 2510 2386
f 2510 2303 2386
f 366 202 290
f 2564 2536 2430
f 3173 3082 3143
f 13 18 8
f 1096 1091 1107
f 523 561 587
f 2947 3086 2990
f 3258 3152 3172
f 2524 2303 2510
f 1376 1272 1286
f 3086 3179 3078
f 1991 1934 2001
f 3187 3175 3132
f 2969 2902 2791
f 1685 1650 1577
f 905 921 818
f 2016 2061 1966
f 1107 1068 1052
f 3212 3165 3153
f 2357 2487 2351
f 2351 2463 2339
f 2463 2473 2339
f 2482 2345 2408
f 2698 2788 2899
f 2849 2725 2832
f 2719 2676 2725
f 2208 2184 2138
f 317 332 326
f 2702 2740 2636
f 3133 3276 3189
f 2940 3158 2989
f 510 520 474
f 2452 2487 2357
f 2487 2463 2351
f 2482 2464 2345
f 3306 3333 3266
f 2969 2967 2902
f 3317 3173 3143
f 3362 3361 3276
f 688 595 620
f 3304 3220 3232
f 1991 2019 1934
f 1934 2019 1868
f 3328 3363 3292
f 3421 3363 3328
f 583 612 577
f 3363 3422 3317
f 274 272 303
f 536 577 561
f 1577 1555 1451
f 721 756 855
f 2739 2917 2940
f 3103 3111 3143
f 3193 3362 3276
f 675 897 797
f 2430 2536 2348
f 3082 3173 3107
f 2001 2121 1991
f 612 646 647
f 577 612 647
f 470 500 536
f 1403 1196 1291
f 2463 2584 2473
f 2473 2605 2408
f 3298 3343 3289
f 2795 2653 2604
f 2695 2623 2636
f 2605 2702 2636
f 2709 2510 2538
f 2709 2620 2510
f 2620 2524 2510
f 1107 1072 1050
f 2037 2034 2121
f 2121 2019 1991
f 2019 2028 1868
f 1868 2028 1881
f 1894 1846 1820
f 2984 2868 2727
f 314 326 395
f 1168 1152 1163
f 2487 2584 2463
f 2482 2408 2605
f 1287 1368 1269
f 2984 2727 2733
f 2348 2536 2438
f 2059 1966 2061
f 3393 3409 3426
f 2868 2687 2727
f 1699 1822 1801
f 3278 3186 3149
f 1894 1820 1881
f 1918 1846 1894
f 1219 1173 1197
f 273 314 321
f 2487 2662 2584
f 2822 2877 2832
f 309 327 342
f 3080 3135 3111
f 1883 1801 1822
f 1801 1680 1699
f 3243 3170 3141
f 2121 2107 2019
f 2019 2107 2028
f 2028 1963 1881
f 1963 1894 1881
f 998 941 872
f 450 388 438
f 1487 1386 1330
f 818 704 794
f 2452 2653 2487
f 2584 2605 2473
f 2420 2500 2508
f 275 280 252
f 9 16 19
f 536 500 577
f 2808 3008 2803
f 2480 2386 2372
f 194 105 103
f 2875 2709 2717
f 2772 2725 2676
f 2989 2733 2940
f 2558 2620 2715
f 280 275 300
f 2487 2653 2662
f 1076 1268 1111
f 1156 1277 1182
f 2862 3099 2983
f 3153 3165 2983
f 3165 3008 2983
f 2709 2855 2620
f 3169 3197 3202
f 2703 2769 2693
f 1779 1685 1801
f 1801 1685 1680
f 1548 1685 1577
f 2157 2154 2028
f 2107 2157 2028
f 559 594 593
f 175 148 169
f 2662 2749 2584
f 3099 3153 2983
f 3008 3172 2923
f 2855 2709 2875
f 3065 2855 2875
f 1001 1111 1199
f 3120 3266 3106
f 2423 2316 2464
f 2187 2107 2121
f 2187 2157 2107
f 2028 2128 1963
f 1068 997 1052
f 438 465 474
f 22 10 18
f 2749 2702 2584
f 2702 2605 2584
f 1224 1361 1241
f 3212 3153 3099
f 3172 3152 2923
f 3152 2875 2923
f 2855 2715 2620
f 3392 3382 3343
f 3266 3234 3306
f 2187 2196 2157
f 1555 1406 1451
f 1963 2016 1894
f 1894 2016 1918
f 1918 2016 1966
f 799 714 812
f 1068 995 997
f 2798 2702 2749
f 2605 2636 2482
f 1824 1766 1737
f 474 500 470
f 1388 1437 1117
f 905 832 885
f 3172 3008 3165
f 3152 3065 2875
f 10 1 8
f 806 798 937
f 7 2 6
f 806 736 656
f 798 806 656
f 902 879 985
f 587 653 733
f 656 736 636
f 1378 1546 1431
f 1589 1603 1362
f 22 29 10
f 14 10 29
f 507 557 390
f 1362 1349 1169
f 29 42 14
f 31 27 20
f 2383 2430 2334
f 42 40 20
f 40 43 31
f 20 40 31
f 43 39 31
f 1188 1291 1116
f 59 22 35
f 59 29 22
f 39 44 31
f 28 27 41
f 59 42 29
f 43 50 39
f 50 44 39
f 59 65 42
f 42 63 40
f 63 61 40
f 40 61 43
f 43 61 50
f 58 53 50
f 65 63 42
f 61 60 50
f 50 60 58
f 81 71 96
f 124 184 204
f 72 87 52
f 87 59 52
f 70 67 60
f 61 70 60
f 60 67 58
f 564 543 599
f 63 75 61
f 61 75 70
f 84 87 72
f 59 87 65
f 65 92 63
f 75 80 70
f 80 88 67
f 70 80 67
f 73 67 88
f 87 97 65
f 97 92 65
f 92 75 63
f 75 82 80
f 1076 1221 1268
f 92 82 75
f 91 83 80
f 82 91 80
f 92 91 82
f 91 88 83
f 105 109 84
f 109 87 84
f 92 100 91
f 98 104 88
f 91 98 88
f 109 97 87
f 97 117 92
f 92 117 100
f 100 106 91
f 91 106 98
f 202 185 290
f 2446 2349 2363
f 2573 2677 2630
f 131 185 104
f 83 88 80
f 2539 2757 2593
f 173 97 109
f 117 139 100
f 106 131 98
f 131 104 98
f 2478 2441 2410
f 2428 2363 2311
f 94 96 129
f 685 665 548
f 1514 1200 1298
f 2603 2733 2727
f 1161 1172 1167
f 173 117 97
f 139 149 100
f 149 131 106
f 100 149 106
f 1232 1135 1057
f 1788 1901 1986
f 105 173 109
f 2653 2452 2548
f 1046 937 1057
f 2026 2118 2074
f 173 225 117
f 149 168 131
f 1082 1246 1229
f 1039 1019 893
f 194 173 105
f 225 209 117
f 117 209 139
f 209 195 149
f 139 209 149
f 149 195 168
f 185 131 168
f 1514 1296 1200
f 213 169 161
f 213 239 169
f 239 175 169
f 241 158 175
f 174 254 194
f 236 173 194
f 1140 970 936
f 1589 1739 1603
f 214 180 224
f 214 255 182
f 257 239 213
f 239 259 175
f 241 266 188
f 470 536 444
f 236 285 173
f 173 285 225
f 195 260 168
f 168 260 185
f 452 439 250
f 283 255 214
f 224 283 214
f 182 255 213
f 213 255 257
f 259 241 175
f 1584 1395 1437
f 209 291 195
f 291 260 195
f 734 831 723
f 271 283 224
f 259 388 241
f 295 236 194
f 352 291 209
f 225 352 209
f 260 290 185
f 1868 1881 1798
f 831 734 879
f 212 318 271
f 271 344 283
f 344 364 283
f 283 340 255
f 340 322 255
f 255 322 257
f 322 337 257
f 337 312 239
f 257 337 239
f 312 259 239
f 1009 969 897
f 236 412 285
f 285 352 225
f 2529 2430 2383
f 902 831 879
f 1200 1104 986
f 358 370 318
f 370 344 318
f 318 344 271
f 364 340 283
f 388 259 312
f 379 266 241
f 388 379 241
f 418 444 266
f 969 930 897
f 412 236 295
f 2080 2199 2257
f 986 985 956
f 1104 985 986
f 322 375 337
f 419 388 312
f 440 419 312
f 418 266 379
f 412 403 285
f 285 403 352
f 291 443 260
f 443 494 290
f 260 443 290
f 875 857 896
f 3387 3320 3342
f 254 174 279
f 2726 2754 2712
f 2478 2410 2419
f 617 507 539
f 455 480 340
f 364 455 340
f 340 433 322
f 322 433 375
f 375 440 337
f 337 440 312
f 379 388 450
f 316 448 295
f 352 411 291
f 411 443 291
f 2256 2266 2351
f 3034 3082 3107
f 557 402 390
f 390 402 289
f 1183 1115 1180
f 400 441 373
f 441 386 373
f 441 396 386
f 289 402 278
f 458 532 370
f 358 458 370
f 344 476 364
f 340 480 433
f 433 497 375
f 1846 1918 1966
f 2936 2877 2897
f 514 396 441
f 514 425 396
f 860 645 836
f 514 525 425
f 370 532 344
f 476 455 364
f 515 440 375
f 440 465 419
f 824 738 729
f 2256 2199 2141
f 518 514 441
f 2105 2163 2025
f 344 532 476
f 532 622 476
f 476 589 455
f 455 589 480
f 480 558 433
f 433 558 497
f 497 515 375
f 440 546 465
f 503 431 457
f 412 591 403
f 591 547 352
f 403 591 352
f 352 547 411
f 547 443 411
f 1502 1471 1310
f 636 550 656
f 2413 2433 2291
f 552 518 400
f 565 514 518
f 565 569 514
f 569 525 514
f 527 458 423
f 527 625 458
f 458 625 532
f 620 595 515
f 497 620 515
f 1438 1232 1331
f 495 668 448
f 448 677 295
f 677 655 295
f 655 412 295
f 655 591 412
f 1270 1348 1354
f 631 512 461
f 552 639 518
f 639 565 518
f 673 569 565
f 640 527 498
f 712 640 498
f 640 666 527
f 527 666 625
f 476 622 589
f 480 589 558
f 717 620 558
f 558 620 497
f 717 688 620
f 2333 2474 2265
f 2474 2359 2265
f 547 684 443
f 443 700 494
f 1821 1708 1688
f 205 188 266
f 554 631 461
f 639 673 565
f 2064 2045 1900
f 783 735 589
f 622 783 589
f 589 735 558
f 499 464 491
f 2252 2213 2186
f 2578 2757 2539
f 273 299 252
f 668 716 448
f 448 716 677
f 2546 2423 2464
f 1342 1365 1527
f 707 631 554
f 793 673 639
f 673 628 569
f 740 640 712
f 740 666 640
f 666 796 625
f 625 779 532
f 532 779 622
f 735 781 558
f 1100 1175 1077
f 2446 2380 2349
f 2419 2335 2380
f 678 645 770
f 2419 2410 2335
f 2410 2441 2324
f 2441 2383 2324
f 1028 1121 977
f 591 720 547
f 547 720 684
f 684 750 443
f 2414 2545 2413
f 2433 2578 2458
f 778 639 774
f 778 793 639
f 837 628 673
f 2038 2026 1945
f 625 796 779
f 622 779 783
f 781 760 558
f 863 806 937
f 1820 1798 1881
f 1944 1978 1752
f 2716 2575 2593
f 844 655 677
f 844 741 655
f 741 720 591
f 655 741 591
f 816 712 961
f 857 781 896
f 829 915 916
f 837 673 793
f 816 740 712
f 825 712 628
f 816 666 740
f 816 796 666
f 483 561 523
f 2424 2480 2372
f 860 770 645
f 2163 2057 2025
f 817 631 707
f 817 766 631
f 774 925 778
f 796 868 779
f 900 928 783
f 779 900 783
f 783 928 735
f 1169 1055 985
f 118 123 154
f 2345 2464 2316
f 2413 2545 2433
f 2603 2552 2553
f 2215 2197 2154
f 2423 2315 2316
f 2423 2375 2315
f 2423 2455 2375
f 1153 1051 1162
f 668 878 716
f 889 677 716
f 677 889 844
f 844 880 720
f 741 844 720
f 720 880 684
f 684 943 750
f 1687 1654 1580
f 2446 2363 2457
f 1015 793 778
f 1015 935 793
f 935 837 793
f 975 796 816
f 796 975 868
f 868 984 779
f 779 984 900
f 2128 2123 2078
f 2198 2267 2143
f 2143 2095 2123
f 579 572 546
f 878 889 716
f 943 882 750
f 891 707 890
f 891 817 707
f 920 766 817
f 410 503 451
f 774 1003 925
f 2433 2458 2295
f 975 816 961
f 900 914 928
f 178 152 154
f 1605 1550 1497
f 2095 2143 2061
f 2057 1980 1970
f 2334 2209 2221
f 2108 2237 2150
f 859 917 878
f 943 684 880
f 2105 2202 2163
f 2074 2202 2105
f 2165 2041 2126
f 920 817 891
f 3121 2981 3017
f 1015 778 925
f 1000 837 935
f 975 984 868
f 1097 1052 975
f 984 997 900
f 900 997 914
f 152 118 154
f 2086 2169 2088
f 750 700 443
f 206 154 191
f 632 603 451
f 564 644 596
f 2021 1941 1900
f 2025 2057 1970
f 2026 2074 1997
f 898 977 917
f 971 844 889
f 1025 971 889
f 844 971 880
f 1008 891 890
f 2538 2610 2709
f 627 567 544
f 1075 846 994
f 1466 1606 1640
f 2911 2888 2621
f 1016 1027 923
f 1027 993 899
f 2045 2021 1900
f 1941 2021 1983
f 1999 2030 1938
f 2424 2372 2294
f 509 481 429
f 917 1064 878
f 1064 1103 889
f 878 1064 889
f 889 1103 1025
f 971 1076 880
f 1076 943 880
f 2617 2862 2808
f 2359 2424 2294
f 2202 2074 2193
f 1002 891 1008
f 626 642 538
f 1710 1650 1779
f 392 365 372
f 1114 1088 993
f 37 25 34
f 780 810 846
f 2266 2141 2100
f 2266 2100 2213
f 510 474 465
f 977 1121 917
f 917 1121 1064
f 971 1025 1076
f 1727 1876 1858
f 799 731 714
f 2101 2158 2170
f 921 1090 890
f 1090 1008 890
f 1074 1002 1008
f 2199 2040 2141
f 359 244 237
f 1016 1141 1027
f 1856 1976 1886
f 2064 2177 2045
f 607 510 572
f 1766 1654 1737
f 2701 2862 2617
f 1778 1690 1682
f 2376 2569 2393
f 1090 1124 1008
f 2315 2115 2316
f 2090 2238 2158
f 2162 2238 2090
f 2291 2194 2145
f 1820 1846 1667
f 1349 1055 1169
f 2005 2149 2015
f 656 738 798
f 682 803 644
f 1141 1195 1027
f 1027 1195 993
f 1247 1088 1114
f 1106 1088 1280
f 2237 2524 2330
f 3008 2923 2803
f 62 72 52
f 2717 2709 2610
f 2593 2575 2474
f 2141 2043 2100
f 2040 2199 2080
f 488 507 359
f 2212 2298 2149
f 1343 1501 1607
f 273 252 272
f 1132 1155 1419
f 1299 1112 1171
f 488 359 237
f 656 588 738
f 464 452 256
f 588 641 738
f 1016 1217 1141
f 1141 1250 1195
f 1195 1314 993
f 993 1314 1114
f 1247 1280 1088
f 1502 1310 1178
f 985 1055 902
f 1886 1968 1875
f 2090 1987 2049
f 2256 2257 2199
f 1061 1058 1000
f 1183 1064 1121
f 1233 1190 1103
f 1064 1233 1103
f 1190 1025 1103
f 1190 1221 1076
f 1025 1190 1076
f 2808 2803 2578
f 2315 2111 2115
f 2064 2257 2177
f 2045 2177 2109
f 581 624 617
f 534 516 406
f 780 733 810
f 1061 1000 935
f 388 419 438
f 3086 3078 2888
f 1217 1250 1141
f 1195 1306 1314
f 1314 1265 1114
f 2067 2149 2005
f 1878 2097 1927
f 404 490 218
f 798 738 888
f 864 831 902
f 1183 1263 1064
f 1263 1233 1064
f 1482 1577 1376
f 2257 2064 2080
f 1251 1134 1080
f 1272 1119 1134
f 2539 2593 2474
f 2030 2027 1938
f 3145 3159 3119
f 1297 1356 1162
f 1356 1413 1313
f 1162 1356 1313
f 2529 2630 2648
f 682 644 564
f 1239 1301 1093
f 1247 1114 1265
f 1437 1395 1138
f 1584 1903 1601
f 1171 1112 970
f 244 187 237
f 810 733 667
f 1269 1263 1183
f 2552 2478 2419
f 1119 1272 1185
f 2716 2593 2757
f 1286 1134 1251
f 1286 1272 1134
f 288 207 250
f 725 733 780
f 1270 1354 1239
f 1301 1346 1217
f 1346 1336 1250
f 1217 1346 1250
f 1336 1306 1195
f 1250 1336 1195
f 1314 1396 1265
f 1365 1342 1202
f 567 627 728
f 1005 824 874
f 698 752 685
f 1422 1236 1253
f 1263 1393 1233
f 1341 1190 1233
f 1341 1268 1221
f 1190 1341 1221
f 2578 2539 2458
f 1366 1286 1251
f 1390 1389 1281
f 1297 1389 1356
f 1354 1407 1239
f 1239 1407 1301
f 1346 1382 1336
f 1396 1425 1265
f 1425 1247 1265
f 1425 1435 1247
f 1435 1280 1247
f 1423 1365 1202
f 317 314 273
f 1696 1438 1471
f 1393 1263 1269
f 1442 1268 1341
f 1402 1251 1307
f 1402 1366 1251
f 1376 1286 1366
f 477 439 472
f 1447 1390 1295
f 557 617 574
f 1372 1446 1348
f 1446 1462 1354
f 1348 1446 1354
f 1354 1462 1407
f 1407 1479 1301
f 1301 1479 1346
f 1382 1468 1336
f 1468 1453 1306
f 1336 1468 1306
f 1453 1396 1314
f 1306 1453 1314
f 1276 1502 1178
f 1566 1502 1276
f 2574 2447 2492
f 488 477 522
f 539 488 522
f 854 835 776
f 1269 1410 1393
f 1393 1465 1233
f 1465 1442 1341
f 1233 1465 1341
f 1268 1442 1374
f 579 546 595
f 574 529 557
f 1519 1447 1386
f 1886 1976 1968
f 1522 1390 1447
f 1522 1389 1390
f 1389 1587 1356
f 1439 1510 1372
f 1372 1510 1446
f 1462 1479 1407
f 1479 1495 1346
f 1346 1495 1382
f 1495 1468 1382
f 1435 1423 1280
f 1527 1365 1423
f 921 1080 1134
f 1000 1071 976
f 453 435 297
f 178 154 206
f 478 499 521
f 452 464 499
f 2983 2808 2862
f 353 320 414
f 1498 1410 1368
f 1524 1393 1410
f 1038 894 1036
f 875 896 958
f 1307 1477 1402
f 1482 1366 1402
f 789 797 930
f 1519 1386 1487
f 2031 2136 2034
f 1561 1389 1522
f 1356 1491 1413
f 1489 1510 1439
f 1117 1437 1138
f 1446 1540 1462
f 1453 1562 1396
f 1562 1573 1396
f 1573 1425 1396
f 1543 1435 1425
f 1573 1543 1425
f 1559 1423 1435
f 1544 1508 1434
f 435 256 297
f 1524 1465 1393
f 1465 1541 1442
f 1541 1374 1442
f 1117 1138 854
f 1538 1402 1477
f 1538 1548 1402
f 1548 1482 1402
f 1366 1482 1376
f 1580 1519 1487
f 2140 2209 2138
f 1561 1587 1389
f 1587 1630 1356
f 1356 1630 1491
f 1571 1540 1446
f 1510 1571 1446
f 1540 1586 1462
f 1586 1479 1462
f 1479 1583 1495
f 1468 1562 1453
f 1559 1527 1423
f 1480 1575 1460
f 1575 1544 1460
f 1546 1378 1508
f 1524 1410 1498
f 1560 1465 1524
f 1600 1541 1465
f 1567 1374 1541
f 2716 2717 2610
f 53 44 50
f 1642 1522 1447
f 1571 1625 1540
f 1540 1637 1586
f 1586 1583 1479
f 1583 1713 1495
f 1713 1674 1495
f 1468 1633 1562
f 1573 1611 1543
f 1619 1435 1543
f 1611 1619 1543
f 1619 1559 1435
f 1559 1602 1527
f 1635 1546 1508
f 970 1112 938
f 1678 1524 1498
f 1478 1622 1477
f 1622 1538 1477
f 1548 1577 1482
f 2727 2687 2552
f 1654 1519 1580
f 1654 1662 1519
f 1679 1522 1642
f 1679 1561 1522
f 1679 1667 1561
f 1667 1587 1561
f 533 585 563
f 721 687 603
f 1674 1663 1468
f 1495 1674 1468
f 1468 1663 1633
f 1633 1693 1562
f 1562 1652 1573
f 1521 1655 1551
f 1551 1655 1480
f 1655 1575 1480
f 1635 1508 1544
f 1720 1546 1635
f 1666 1581 1546
f 944 1024 1036
f 1581 1678 1498
f 1678 1670 1524
f 1524 1670 1560
f 1660 1465 1560
f 1660 1600 1465
f 1656 1541 1600
f 73 58 67
f 1667 1753 1587
f 1540 1782 1637
f 1637 1684 1586
f 1586 1684 1583
f 1583 1684 1713
f 1663 1758 1633
f 1693 1652 1562
f 1700 1611 1573
f 1712 1559 1619
f 1712 1716 1602
f 1559 1712 1602
f 1716 1655 1521
f 1602 1716 1521
f 1745 1688 1575
f 1655 1745 1575
f 1688 1544 1575
f 1708 1635 1544
f 1666 1678 1581
f 1670 1660 1560
f 857 760 781
f 548 501 459
f 1622 1478 1617
f 1680 1538 1622
f 1538 1680 1548
f 1934 1868 1835
f 1760 1642 1662
f 1760 1679 1642
f 1627 1630 1792
f 1487 1484 1580
f 1107 1050 1068
f 1726 1652 1693
f 1652 1726 1573
f 1573 1726 1700
f 1764 1611 1700
f 1764 1743 1611
f 1743 1808 1611
f 1808 1619 1611
f 1808 1819 1619
f 1819 1712 1619
f 1708 1544 1688
f 1708 1720 1635
f 1718 1546 1720
f 1718 1666 1546
f 1727 1600 1660
f 1185 1213 1090
f 2333 2539 2474
f 1699 1680 1622
f 2603 2727 2552
f 1766 1662 1654
f 1373 1238 1304
f 1766 1760 1662
f 1679 1820 1667
f 1587 1753 1630
f 1050 995 1068
f 1674 1807 1663
f 1758 1809 1693
f 1633 1758 1693
f 1726 1772 1700
f 1772 1764 1700
f 3162 3332 3295
f 1357 1440 1299
f 1419 1155 1343
f 1132 1039 1155
f 802 692 718
f 430 503 410
f 7 11 17
f 280 300 313
f 527 471 498
f 15 2 7
f 156 178 207
f 1049 957 907
f 1606 1773 1640
f 674 692 580
f 2217 2169 2120
f 982 996 1151
f 986 956 800
f 444 453 297
f 1100 1077 1011
f 1471 1438 1331
f 1725 1596 1636
f 4 1 2
f 1178 1063 953
f 879 734 762
f 3332 3338 3295
f 1401 1363 1449
f 1057 888 940
f 679 632 503
f 2106 2212 2067
f 966 862 993
f 745 634 749
f 1253 1236 1075
f 466 464 435
f 631 675 512
f 252 299 275
f 1620 1324 1438
f 1438 1324 1232
f 1596 1506 1636
f 320 353 270
f 994 846 810
f 230 240 223
f 1686 1681 1707
f 956 762 800
f 1596 1563 1433
f 1563 1511 1394
f 1433 1563 1394
f 1394 1511 1449
f 573 669 540
f 1422 1253 1472
f 230 223 211
f 1140 1019 1132
f 1140 1132 1419
f 1497 1550 1443
f 703 753 763
f 1148 865 951
f 970 938 777
f 1599 1427 1505
f 272 252 280
f 777 802 876
f 1155 1273 1343
f 298 348 367
f 786 861 753
f 1449 1338 1394
f 803 951 698
f 1182 1277 1297
f 1046 1057 1135
f 644 803 698
f 734 659 762
f 865 786 752
f 1242 1357 1171
f 1357 1299 1171
f 1464 1242 1140
f 3338 3302 3295
f 1039 1132 1019
f 821 876 802
f 752 786 665
f 800 736 863
f 1750 1697 1605
f 6 11 7
f 1511 1401 1449
f 982 1039 867
f 2648 2668 2529
f 1322 1401 1387
f 1870 1750 1721
f 1501 1273 1349
f 1464 1140 1419
f 698 685 548
f 936 970 777
f 235 256 191
f 336 406 422
f 2990 3086 2888
f 1505 1427 1299
f 627 587 733
f 1642 1447 1519
f 938 803 777
f 1493 1304 1403
f 1112 1299 1227
f 294 317 274
f 482 353 414
f 1725 1657 1596
f 1596 1657 1563
f 1657 1547 1563
f 1604 1682 1475
f 1273 1155 982
f 1545 1612 1740
f 936 777 876
f 1547 1511 1563
f 2507 2532 2549
f 867 1039 893
f 712 498 475
f 929 1031 771
f 1387 1401 1511
f 1550 1664 1492
f 1200 986 1086
f 1732 1697 1790
f 1343 1273 1501
f 665 501 548
f 1227 1139 990
f 1566 1695 1502
f 890 707 795
f 534 596 516
f 1471 1331 1310
f 1605 1632 1550
f 1803 1696 1695
f 1273 1151 1349
f 600 551 460
f 2569 2621 2432
f 1632 1664 1550
f 1362 1603 1349
f 1696 1471 1695
f 1790 1697 1750
f 1039 982 1155
f 298 308 309
f 521 491 555
f 1725 1756 1657
f 2400 2411 2284
f 274 317 273
f 2649 2448 2429
f 1682 1530 1475
f 1370 1448 1275
f 802 682 599
f 1514 1591 1296
f 452 250 256
f 545 521 555
f 1276 1178 1236
f 821 802 718
f 1547 1387 1511
f 1699 1617 1675
f 951 865 752
f 1690 1576 1682
f 1682 1576 1530
f 1530 1436 1475
f 557 507 617
f 439 288 250
f 1236 1178 953
f 1675 1690 1768
f 648 397 528
f 191 166 205
f 1063 874 953
f 414 320 402
f 996 902 1055
f 1307 1478 1477
f 1419 1343 1659
f 79 72 62
f 1675 1594 1690
f 1690 1594 1576
f 1481 1530 1576
f 1481 1436 1530
f 865 1159 861
f 893 876 821
f 482 414 402
f 428 486 442
f 1151 996 1055
f 1721 1750 1605
f 867 893 821
f 205 166 188
f 1531 1576 1594
f 1531 1481 1576
f 1436 1481 1370
f 1086 863 1046
f 1086 1046 1135
f 156 152 178
f 1198 1057 940
f 172 207 237
f 444 297 266
f 1544 1434 1460
f 334 303 341
f 334 341 374
f 1478 1594 1675
f 1617 1478 1675
f 1478 1496 1594
f 1496 1531 1594
f 1457 1424 1381
f 1075 1236 953
f 2323 2451 2391
f 205 266 297
f 154 123 166
f 1557 1490 1634
f 753 861 901
f 396 425 341
f 475 374 425
f 1296 1169 1104
f 996 982 864
f 553 550 649
f 545 511 478
f 1057 937 888
f 738 824 888
f 863 736 806
f 916 1066 972
f 435 453 466
f 1408 1486 1398
f 464 466 491
f 1507 1448 1481
f 1331 1232 1198
f 1534 1565 1459
f 475 498 374
f 1063 1005 874
f 23 13 25
f 976 825 1000
f 887 1117 854
f 1345 1375 1305
f 721 855 776
f 641 545 555
f 555 567 641
f 738 641 729
f 1697 1632 1605
f 636 672 550
f 780 728 725
f 762 671 800
f 1778 1682 1932
f 728 627 725
f 1509 1403 1384
f 1481 1448 1370
f 855 854 776
f 1290 1405 1367
f 235 191 205
f 698 548 596
f 334 339 294
f 1245 1142 1176
f 1142 1092 957
f 459 501 422
f 273 272 274
f 752 665 685
f 831 765 723
f 1494 1507 1481
f 540 669 683
f 1375 1525 1405
f 1092 1142 1245
f 501 460 422
f 1232 1324 1135
f 1695 1471 1502
f 2354 2369 2308
f 522 477 511
f 1696 1620 1438
f 674 580 574
f 1405 1412 1367
f 968 957 1092
f 2668 2648 2730
f 134 166 123
f 683 669 747
f 1140 1242 1171
f 874 780 953
f 507 488 539
f 1169 985 1104
f 1525 1412 1405
f 2219 2121 2136
f 777 682 802
f 1335 1285 1245
f 1245 1285 1092
f 1285 1045 1092
f 934 804 968
f 1148 1159 865
f 230 187 244
f 893 1019 876
f 507 390 359
f 557 529 402
f 1788 1756 1901
f 1140 936 1019
f 1351 1159 1148
f 1367 1391 1335
f 1045 968 1092
f 272 325 303
f 1362 1169 1296
f 1788 1721 1756
f 288 237 207
f 1412 1391 1367
f 1285 1335 1391
f 934 968 1045
f 1043 975 961
f 297 235 205
f 1645 1276 1422
f 502 377 394
f 1756 1721 1657
f 278 402 320
f 1612 1545 1412
f 1421 1285 1391
f 739 804 934
f 733 725 627
f 628 475 525
f 320 253 278
f 1545 1421 1412
f 1412 1421 1391
f 628 837 825
f 641 567 728
f 729 641 728
f 288 488 237
f 1607 1501 1603
f 172 156 207
f 1589 1362 1296
f 2174 2052 2323
f 1421 1284 1285
f 1285 1284 1045
f 1440 1689 1505
f 698 596 644
f 1178 1310 1063
f 250 178 206
f 940 888 824
f 1253 1075 1125
f 1331 1198 1063
f 1545 1529 1421
f 1421 1529 1284
f 1284 1164 1045
f 1045 877 934
f 845 739 934
f 1140 1171 970
f 1198 940 1005
f 256 206 191
f 1327 1338 1363
f 921 1119 1090
f 3426 3399 3393
f 439 488 288
f 867 821 765
f 1648 1545 1740
f 1648 1529 1545
f 877 845 934
f 453 444 483
f 1550 1492 1443
f 466 453 483
f 359 289 244
f 1086 986 863
f 672 636 736
f 671 736 800
f 658 660 551
f 1529 1329 1284
f 1329 1164 1284
f 978 1045 1164
f 978 877 1045
f 439 452 472
f 1422 1276 1236
f 501 600 460
f 297 256 235
f 1324 1298 1135
f 940 824 1005
f 1269 1183 1228
f 1648 1646 1529
f 1529 1646 1329
f 1329 1319 1164
f 840 845 877
f 256 250 206
f 1198 1232 1057
f 733 653 667
f 1721 1605 1657
f 628 712 475
f 1647 1645 1422
f 803 990 951
f 1646 1319 1329
f 840 748 845
f 1063 1198 1005
f 1591 1589 1296
f 1605 1547 1657
f 1519 1662 1642
f 378 410 451
f 1896 1750 1870
f 1501 1349 1603
f 1497 1387 1547
f 1411 1384 1291
f 671 649 672
f 1593 1319 1646
f 1164 1095 978
f 918 877 978
f 918 840 877
f 1310 1331 1063
f 1298 1086 1135
f 3037 3085 3016
f 1620 1591 1514
f 1447 1266 1386
f 1349 1151 1055
f 534 406 482
f 1319 1235 1164
f 1235 1095 1164
f 1497 1443 1387
f 1645 1566 1276
f 3085 3037 3119
f 2292 2312 2249
f 692 599 580
f 938 990 803
f 996 864 902
f 1112 990 938
f 154 166 191
f 828 840 918
f 828 748 840
f 1296 1104 1200
f 867 831 864
f 477 488 439
f 522 511 517
f 682 564 599
f 1127 1145 1173
f 1419 1609 1464
f 831 867 765
f 865 861 786
f 1896 1790 1750
f 824 728 874
f 386 396 325
f 1447 1295 1266
f 1944 2005 1978
f 1319 1472 1235
f 1095 918 978
f 904 828 918
f 828 681 748
f 953 780 846
f 2005 2015 1978
f 1281 1295 1390
f 1175 1266 1295
f 1081 1251 1080
f 1094 1127 1173
f 1100 1094 1173
f 1298 1200 1086
f 1593 1472 1319
f 994 918 1095
f 994 904 918
f 1620 1514 1324
f 1112 1227 990
f 1497 1547 1605
f 253 320 270
f 1019 936 876
f 1357 1242 1464
f 240 244 289
f 1125 1095 1235
f 729 728 824
f 130 118 143
f 985 879 956
f 1075 953 846
f 1281 1175 1295
f 1411 1291 1321
f 1788 1870 1721
f 675 621 512
f 766 897 675
f 982 867 864
f 516 548 459
f 1253 1235 1472
f 1235 1253 1125
f 1095 1125 994
f 810 828 904
f 810 667 828
f 956 879 762
f 596 548 516
f 250 207 178
f 152 143 118
f 1641 1731 1571
f 1011 1034 1100
f 512 486 428
f 435 464 256
f 516 459 406
f 1125 1075 994
f 994 810 904
f 1514 1298 1324
f 55 48 77
f 1106 1280 1202
f 1218 1335 1245
f 583 605 612
f 1173 1219 1266
f 1360 1333 1342
f 1089 1202 1174
f 851 939 871
f 1467 1398 1486
f 742 701 686
f 702 629 610
f 939 1010 1089
f 1174 1215 1167
f 1089 1174 1049
f 2899 3137 2935
f 610 629 608
f 1315 1219 1256
f 1049 1174 1120
f 1271 1258 1207
f 1120 1174 1167
f 1474 1443 1492
f 1426 1496 1361
f 1361 1496 1478
f 326 421 395
f 1474 1355 1443
f 1641 1571 1510
f 923 1027 899
f 862 966 939
f 2298 2393 2299
f 1355 1332 1443
f 1000 1058 1071
f 1177 1168 1161
f 768 804 739
f 847 899 862
f 1252 1392 1287
f 2406 2532 2434
f 1381 1355 1474
f 1287 1392 1368
f 1028 1183 1121
f 1381 1294 1355
f 1294 1332 1355
f 1444 1353 1292
f 1903 1789 1601
f 495 448 316
f 998 927 1004
f 638 758 732
f 1541 1656 1567
f 1677 1582 1639
f 1093 1054 988
f 479 420 540
f 823 907 768
f 1194 1305 1290
f 1424 1309 1381
f 1381 1309 1294
f 1322 1332 1294
f 1264 1322 1294
f 1328 1466 1533
f 1172 1176 1147
f 1372 1222 1439
f 1677 1516 1582
f 1152 1201 1179
f 1239 1093 1149
f 975 1052 984
f 38 41 27
f 1239 1149 1270
f 1149 988 1062
f 1582 1418 1424
f 1424 1418 1309
f 1309 1264 1294
f 629 711 604
f 873 820 769
f 742 686 710
f 1118 1040 1146
f 1189 1159 1351
f 1303 1136 1170
f 1309 1288 1264
f 1264 1316 1322
f 1316 1363 1322
f 1322 1363 1401
f 321 314 395
f 2689 2911 2621
f 606 594 559
f 421 362 451
f 334 374 471
f 362 421 326
f 1197 1145 1166
f 313 300 305
f 428 461 512
f 515 595 546
f 1418 1288 1309
f 1288 1274 1264
f 1274 1316 1264
f 1207 1177 1161
f 699 680 602
f 768 907 804
f 1399 1397 1315
f 1527 1360 1342
f 1359 1258 1271
f 1359 1311 1258
f 1207 1161 1167
f 1062 952 1128
f 1248 1062 1128
f 709 743 758
f 730 680 699
f 1172 1161 1168
f 1558 1692 1347
f 1397 1484 1330
f 1315 1397 1330
f 1207 1167 1215
f 1516 1445 1418
f 1445 1308 1418
f 1418 1308 1288
f 1274 1327 1316
f 1327 1363 1316
f 317 294 330
f 1311 1205 1258
f 1311 1326 1205
f 1062 895 952
f 743 709 711
f 1460 1434 1359
f 732 755 719
f 719 755 764
f 764 823 768
f 1049 1120 957
f 755 808 823
f 754 808 755
f 1176 1218 1245
f 1205 1326 1252
f 869 799 812
f 731 743 711
f 998 1004 1051
f 601 593 578
f 609 601 578
f 1326 1392 1252
f 1308 1274 1288
f 668 643 859
f 1274 1260 1327
f 520 542 556
f 604 638 606
f 638 719 606
f 792 714 788
f 862 848 833
f 847 862 833
f 1534 1459 1445
f 1308 1259 1274
f 1259 1260 1274
f 799 847 833
f 629 604 559
f 659 671 762
f 1205 1252 1201
f 727 663 759
f 724 845 748
f 1219 1330 1266
f 1297 1277 1389
f 1081 1241 1307
f 1313 1243 1162
f 1243 1153 1162
f 1459 1308 1445
f 1002 1098 1009
f 629 559 608
f 11 6 12
f 1459 1312 1308
f 1312 1289 1308
f 1289 1259 1308
f 871 939 1089
f 711 709 604
f 615 610 602
f 663 609 630
f 710 680 730
f 769 710 730
f 1098 1048 1009
f 1457 1381 1474
f 1565 1534 1638
f 872 820 873
f 20 3 14
f 848 862 851
f 1289 1220 1259
f 1042 1091 1069
f 1448 1485 1345
f 2255 2284 2200
f 3204 3199 3237
f 1423 1202 1280
f 611 705 597
f 20 6 3
f 1565 1532 1459
f 1459 1379 1312
f 213 161 182
f 1494 1531 1483
f 658 753 703
f 753 658 665
f 1375 1345 1485
f 811 784 759
f 899 847 799
f 1220 1289 1212
f 899 799 869
f 1208 1146 1292
f 1170 1060 1153
f 1174 1342 1215
f 841 730 773
f 730 699 773
f 1340 1488 1461
f 13 8 9
f 1093 1217 1054
f 1581 1498 1546
f 1461 1186 1340
f 1244 1292 1146
f 543 529 574
f 892 841 801
f 658 600 665
f 37 49 45
f 1110 1070 1113
f 1303 1170 1243
f 913 869 812
f 2716 2923 2717
f 1282 1312 1379
f 2558 2524 2620
f 988 913 895
f 701 610 615
f 1480 1359 1456
f 1004 892 948
f 1525 1375 1485
f 753 901 763
f 600 501 665
f 609 578 590
f 1061 1133 1058
f 1015 1033 1061
f 933 834 941
f 808 912 823
f 1413 1303 1313
f 1100 1173 1175
f 1340 1303 1413
f 1532 1408 1379
f 1379 1364 1282
f 3406 3338 3332
f 2299 2393 2306
f 12 20 21
f 540 420 496
f 1424 1590 1582
f 1004 948 1026
f 1297 1162 1110
f 1303 1243 1313
f 540 496 573
f 582 594 566
f 1248 1222 1372
f 549 492 485
f 460 551 485
f 2897 2947 2936
f 1188 1116 1101
f 699 663 727
f 773 699 727
f 1110 1032 1026
f 699 602 609
f 1297 1110 1182
f 437 519 571
f 1163 1226 1218
f 1408 1364 1379
f 3362 3423 3431
f 400 373 350
f 3052 3036 3004
f 492 424 485
f 413 460 485
f 995 928 914
f 1279 1370 1193
f 1070 1026 1042
f 597 605 582
f 1270 1149 1348
f 664 513 642
f 642 513 538
f 479 626 538
f 415 454 457
f 593 594 582
f 496 424 492
f 424 413 485
f 405 460 413
f 556 582 605
f 651 597 724
f 1224 1118 1208
f 1168 1163 1218
f 1570 1486 1408
f 1080 921 905
f 1218 1226 1335
f 188 158 241
f 2 1 3
f 460 405 422
f 680 615 602
f 1494 1481 1531
f 624 674 617
f 2597 2545 2414
f 35 22 24
f 841 773 801
f 1110 1026 1070
f 1248 1128 1222
f 592 719 705
f 1177 1152 1168
f 1149 1062 1348
f 1010 1106 1089
f 664 623 513
f 513 416 538
f 416 420 479
f 409 376 424
f 496 409 424
f 424 369 413
f 1026 948 983
f 892 881 983
f 1042 1026 983
f 1205 1152 1177
f 834 872 941
f 1427 1227 1299
f 426 368 416
f 513 426 416
f 368 409 420
f 376 333 424
f 333 369 424
f 380 405 413
f 369 380 413
f 564 596 534
f 1224 1241 1118
f 1333 1271 1215
f 612 597 651
f 675 631 766
f 717 558 760
f 1491 1488 1413
f 1152 1205 1201
f 923 899 869
f 1439 1186 1461
f 935 1015 1061
f 623 426 513
f 416 368 420
f 380 346 405
f 1181 1282 1240
f 1156 1281 1277
f 1163 1152 1179
f 652 530 623
f 530 467 623
f 623 467 426
f 343 409 368
f 343 345 409
f 409 345 376
f 376 345 333
f 405 346 422
f 346 336 422
f 1651 1567 1656
f 1070 1042 1069
f 1461 1552 1489
f 1582 1516 1418
f 784 727 759
f 1099 1281 1156
f 79 81 89
f 1330 1484 1487
f 709 638 604
f 1217 1016 1054
f 652 524 530
f 426 351 368
f 351 335 368
f 335 343 368
f 1100 1034 1102
f 933 1136 1186
f 1292 1244 1339
f 467 393 426
f 426 393 351
f 345 296 333
f 263 333 296
f 263 369 333
f 263 304 369
f 304 380 369
f 380 304 346
f 660 658 703
f 630 609 590
f 3389 3379 3393
f 543 564 534
f 31 38 27
f 2353 2376 2212
f 1094 1100 1102
f 584 473 524
f 343 292 345
f 292 287 345
f 345 287 296
f 801 727 784
f 801 784 881
f 1163 1179 1194
f 1033 1099 1061
f 1077 1281 1099
f 1179 1201 1204
f 524 446 530
f 446 383 467
f 530 446 467
f 467 383 393
f 393 360 351
f 287 251 296
f 251 263 296
f 304 249 346
f 249 286 346
f 346 286 336
f 479 538 416
f 418 379 450
f 1332 1387 1443
f 534 482 529
f 773 727 801
f 1013 1011 1099
f 870 834 933
f 584 585 473
f 473 446 524
f 360 311 351
f 351 311 335
f 301 343 335
f 311 301 335
f 286 270 336
f 1279 1436 1370
f 1142 957 1120
f 881 784 811
f 607 542 510
f 568 372 377
f 1205 1177 1258
f 1061 1156 1133
f 887 854 855
f 1011 1077 1099
f 870 788 834
f 966 1010 939
f 606 566 594
f 563 585 657
f 383 360 393
f 343 301 292
f 251 234 263
f 262 304 263
f 262 249 304
f 681 828 667
f 556 605 583
f 602 610 608
f 663 699 609
f 1156 1182 1133
f 1032 1051 1004
f 1353 1444 1470
f 478 521 545
f 1456 1271 1360
f 585 526 473
f 473 449 446
f 292 267 287
f 287 267 251
f 262 263 234
f 261 286 249
f 286 261 270
f 261 253 270
f 1241 1081 1118
f 1333 1215 1342
f 724 748 651
f 2252 2186 2246
f 600 658 551
f 585 533 526
f 526 449 473
f 449 427 446
f 427 357 446
f 446 357 383
f 357 282 360
f 383 357 360
f 301 247 292
f 247 267 292
f 267 234 251
f 1113 1070 1069
f 1113 1069 1058
f 1580 1484 1574
f 1182 1113 1133
f 701 615 686
f 1456 1359 1271
f 360 282 311
f 282 301 311
f 234 219 262
f 219 221 249
f 262 219 249
f 221 229 249
f 229 261 249
f 229 253 261
f 948 892 983
f 892 801 881
f 2621 2888 2654
f 661 718 674
f 661 765 718
f 1307 1241 1478
f 759 663 630
f 533 508 526
f 508 449 526
f 427 361 357
f 282 269 301
f 220 219 234
f 42 20 14
f 542 582 556
f 578 582 542
f 578 542 590
f 2 3 6
f 350 386 313
f 624 661 674
f 1426 1361 1353
f 606 592 566
f 652 623 664
f 253 223 278
f 357 361 282
f 269 268 301
f 268 227 247
f 301 268 247
f 267 220 234
f 220 198 219
f 198 221 219
f 253 229 223
f 2888 2887 2654
f 1255 1321 1188
f 593 582 578
f 608 559 601
f 1182 1110 1113
f 860 919 770
f 508 427 449
f 361 324 282
f 227 267 247
f 227 228 267
f 267 228 220
f 208 229 221
f 198 208 221
f 672 736 671
f 1179 1204 1194
f 823 912 907
f 659 723 661
f 1375 1405 1290
f 1282 1212 1312
f 533 469 508
f 508 456 427
f 427 408 361
f 282 324 269
f 220 199 198
f 197 208 198
f 229 211 223
f 519 562 645
f 1094 1166 1127
f 661 654 659
f 158 188 166
f 1361 1478 1241
f 493 634 643
f 563 506 533
f 469 468 508
f 508 468 456
f 456 408 427
f 264 269 324
f 264 268 269
f 228 199 220
f 199 177 198
f 177 179 198
f 179 197 198
f 966 1106 1010
f 1032 1004 1026
f 35 52 59
f 506 469 533
f 408 331 361
f 361 331 324
f 293 264 324
f 228 215 199
f 215 177 199
f 197 186 208
f 196 229 208
f 196 211 229
f 1287 1269 1228
f 539 581 617
f 649 624 581
f 649 661 624
f 661 649 654
f 1504 1426 1353
f 629 702 711
f 1194 1290 1226
f 1044 1034 1011
f 1367 1226 1290
f 331 276 324
f 276 293 324
f 293 243 264
f 243 217 264
f 264 217 268
f 268 217 227
f 217 190 227
f 186 196 208
f 566 597 582
f 671 659 654
f 617 674 574
f 611 592 705
f 1258 1177 1207
f 504 463 506
f 618 504 506
f 506 463 469
f 215 228 227
f 190 215 227
f 165 197 179
f 197 165 186
f 196 187 211
f 187 230 211
f 1353 1208 1292
f 3235 3183 3118
f 1015 925 1003
f 1322 1387 1332
f 240 230 244
f 968 804 957
f 1551 1480 1456
f 907 957 804
f 398 408 456
f 398 329 331
f 408 398 331
f 276 277 293
f 293 277 243
f 873 769 841
f 769 730 841
f 656 550 588
f 1480 1460 1359
f 551 660 485
f 649 671 654
f 1061 1099 1156
f 1494 1483 1504
f 463 445 469
f 445 468 469
f 329 281 331
f 331 281 276
f 277 232 243
f 243 232 217
f 192 215 190
f 177 165 179
f 165 150 186
f 723 659 734
f 504 454 463
f 463 454 445
f 468 447 456
f 456 447 398
f 276 248 277
f 232 189 217
f 217 189 190
f 215 192 177
f 150 147 186
f 147 196 186
f 147 162 196
f 162 187 196
f 1162 1032 1110
f 553 581 539
f 1016 869 1054
f 709 758 638
f 1168 1218 1176
f 432 468 445
f 468 432 447
f 447 329 398
f 232 176 189
f 190 189 192
f 192 164 177
f 177 164 165
f 1222 1186 1439
f 1222 1053 1186
f 812 714 792
f 1208 1118 1146
f 638 732 719
f 1494 1504 1507
f 1201 1228 1204
f 504 487 454
f 415 432 445
f 432 417 447
f 447 417 329
f 281 248 276
f 277 248 232
f 232 222 176
f 189 181 192
f 164 135 165
f 165 145 150
f 145 137 150
f 150 137 147
f 1483 1496 1426
f 1434 1508 1378
f 1047 983 963
f 373 386 350
f 522 517 553
f 3409 3393 3379
f 896 781 735
f 702 610 701
f 417 323 329
f 323 265 281
f 329 323 281
f 265 248 281
f 248 222 232
f 181 160 192
f 192 160 164
f 165 135 145
f 172 187 162
f 541 550 553
f 1004 927 892
f 1204 1210 1194
f 445 454 415
f 248 231 222
f 222 183 176
f 176 181 189
f 144 135 164
f 1216 965 909
f 1133 1113 1058
f 1013 1033 1003
f 1507 1553 1485
f 612 651 646
f 265 231 248
f 231 216 222
f 222 216 183
f 160 151 164
f 164 151 144
f 135 132 145
f 145 132 137
f 130 147 137
f 130 162 147
f 517 511 541
f 732 754 755
f 317 326 314
f 1353 1224 1208
f 927 841 892
f 1553 1507 1504
f 487 457 454
f 323 307 265
f 216 163 183
f 163 181 176
f 132 130 137
f 172 162 156
f 1397 1528 1484
f 1271 1207 1215
f 1283 1618 1293
f 927 873 841
f 1483 1426 1504
f 415 407 432
f 432 407 417
f 407 307 323
f 417 407 323
f 231 210 216
f 183 163 176
f 181 167 160
f 143 162 130
f 143 156 162
f 914 997 995
f 511 545 541
f 541 545 550
f 912 1089 1049
f 1528 1397 1399
f 210 193 216
f 167 181 163
f 160 167 151
f 151 140 144
f 140 136 144
f 144 136 135
f 362 378 451
f 1348 1248 1372
f 545 588 550
f 1060 998 1051
f 718 765 821
f 1823 1975 1903
f 764 755 823
f 1528 1574 1484
f 457 431 415
f 315 307 407
f 315 265 307
f 265 245 231
f 245 210 231
f 216 193 163
f 136 132 135
f 581 553 649
f 758 754 732
f 1053 933 1186
f 983 881 963
f 391 407 415
f 315 245 265
f 128 125 140
f 151 128 140
f 140 125 136
f 136 120 132
f 132 110 130
f 705 768 739
f 367 428 442
f 1699 1622 1617
f 1127 1166 1145
f 130 110 118
f 2528 2629 2739
f 1305 1375 1290
f 457 531 503
f 580 599 543
f 431 430 415
f 302 245 315
f 210 201 193
f 163 141 167
f 141 128 151
f 167 141 151
f 125 120 136
f 542 520 510
f 630 590 607
f 325 313 386
f 652 584 524
f 933 941 1136
f 602 601 609
f 1162 1051 1032
f 1389 1277 1281
f 1147 1176 1142
f 2067 2005 1944
f 632 721 603
f 2073 2189 1995
f 430 391 415
f 387 407 391
f 302 315 407
f 387 302 407
f 245 201 210
f 193 155 163
f 146 141 163
f 120 110 132
f 705 764 768
f 1118 999 1040
f 3137 2899 3042
f 1266 1330 1386
f 605 597 612
f 49 62 45
f 580 543 574
f 1219 1315 1330
f 1042 983 1047
f 1184 1300 1328
f 437 489 342
f 1033 1015 1003
f 381 309 342
f 1485 1448 1507
f 155 146 163
f 110 112 118
f 1551 1456 1521
f 705 739 724
f 998 872 927
f 851 862 939
f 587 627 523
f 1197 1256 1219
f 2565 2618 2411
f 2400 2565 2411
f 3118 3007 2911
f 430 382 391
f 347 302 387
f 347 242 302
f 302 242 245
f 201 170 193
f 193 170 155
f 146 133 141
f 133 115 141
f 141 115 128
f 714 701 742
f 927 872 873
f 1115 1038 1157
f 788 714 742
f 714 702 701
f 1564 1610 1528
f 531 679 503
f 571 489 437
f 381 342 489
f 35 24 37
f 363 387 391
f 363 347 387
f 245 242 201
f 201 242 170
f 128 115 125
f 115 120 125
f 123 118 112
f 719 764 705
f 952 870 1053
f 2502 2515 2449
f 827 792 870
f 602 608 601
f 1456 1360 1527
f 1683 1673 1568
f 484 381 489
f 461 348 381
f 382 378 362
f 525 475 425
f 133 126 115
f 126 113 115
f 114 110 120
f 419 465 438
f 1128 952 1222
f 428 348 461
f 1483 1531 1496
f 827 812 792
f 913 812 895
f 1574 1528 1610
f 428 367 348
f 362 330 391
f 458 358 423
f 391 330 363
f 310 242 347
f 238 170 242
f 157 155 170
f 157 146 155
f 142 133 146
f 157 142 146
f 110 114 112
f 459 422 406
f 1202 1342 1174
f 1053 870 933
f 2219 2250 2187
f 491 544 555
f 1516 1534 1445
f 354 347 363
f 354 310 347
f 310 238 242
f 212 170 238
f 212 157 170
f 114 120 115
f 114 134 112
f 112 134 123
f 792 788 870
f 1378 1431 1326
f 988 895 1062
f 845 724 739
f 2658 2421 2535
f 597 592 611
f 606 719 592
f 1326 1431 1392
f 2285 2270 2196
f 619 571 695
f 619 489 571
f 554 381 484
f 381 554 461
f 1348 1062 1248
f 142 126 133
f 115 113 114
f 114 116 134
f 566 592 597
f 1170 1153 1243
f 1106 1202 1089
f 2282 2310 2205
f 2301 2377 2311
f 619 484 489
f 1081 999 1118
f 180 157 212
f 731 799 833
f 466 505 491
f 505 544 491
f 1058 1069 1071
f 597 705 724
f 1434 1378 1359
f 2311 2363 2285
f 2450 2535 2381
f 1454 1673 1606
f 635 554 484
f 362 332 330
f 355 363 330
f 363 355 354
f 354 371 310
f 180 142 157
f 126 122 113
f 113 116 114
f 742 710 834
f 1266 1175 1173
f 871 808 851
f 1368 1410 1269
f 2301 2311 2285
f 947 883 866
f 2774 2926 2821
f 1417 1454 1606
f 635 484 619
f 2285 2187 2250
f 808 871 912
f 326 332 362
f 355 371 354
f 358 310 371
f 358 238 310
f 358 318 238
f 318 212 238
f 180 126 142
f 122 116 113
f 515 546 440
f 1093 988 1149
f 993 862 899
f 1226 1367 1335
f 2301 2285 2250
f 1826 1749 1692
f 704 619 695
f 713 635 619
f 2888 3078 2887
f 332 317 330
f 423 358 371
f 224 180 212
f 271 224 212
f 182 126 180
f 553 539 522
f 372 365 327
f 466 483 505
f 559 604 606
f 27 21 20
f 2196 2187 2285
f 794 695 829
f 794 704 695
f 704 713 619
f 1168 1176 1172
f 330 339 355
f 339 401 355
f 355 401 371
f 401 423 371
f 182 161 126
f 161 122 126
f 138 116 122
f 116 148 134
f 134 158 166
f 859 878 668
f 833 848 743
f 1120 1172 1147
f 483 523 505
f 319 184 226
f 731 702 714
f 601 559 593
f 1186 1136 1303
f 1167 1172 1120
f 1549 1755 1437
f 3281 3307 3297
f 895 827 952
f 294 339 330
f 1054 869 913
f 2677 2572 2687
f 214 182 180
f 122 161 138
f 148 116 138
f 148 158 134
f 590 542 607
f 869 1016 923
f 309 348 298
f 895 812 827
f 1289 1312 1212
f 1888 1714 1738
f 713 795 635
f 635 795 707
f 409 496 420
f 1498 1368 1392
f 517 541 553
f 520 556 583
f 1142 1120 1147
f 2567 2566 2426
f 2729 2828 2566
f 3116 3119 3163
f 2104 2179 2231
f 3307 3327 3297
f 3094 3144 2821
f 1246 1568 1454
f 2297 2282 2135
f 2014 2104 2063
f 3281 3288 3307
f 3219 3281 3203
f 2685 2747 2450
f 2747 2658 2450
f 2649 2685 2448
f 1998 2205 2073
f 1899 2014 2012
f 2023 2089 2116
f 1705 1691 1572
f 1532 1705 1572
f 1796 1771 1691
f 3235 3221 3302
f 194 103 174
f 3327 3329 3297
f 3329 3327 3366
f 1814 1888 1738
f 1705 1796 1691
f 3001 3084 2812
f 2901 3203 2995
f 3204 3237 3269
f 2830 2776 2658
f 2881 3200 2787
f 1865 1785 1877
f 2014 2094 2104
f 2094 2179 2104
f 2828 2812 2675
f 1115 1157 1180
f 3204 3219 3144
f 1774 1784 1814
f 2443 2426 2587
f 2240 2231 2179
f 2338 2426 2248
f 2567 2729 2566
f 2729 2890 2828
f 2338 2248 2231
f 1683 1774 1673
f 1859 1769 1701
f 2890 3001 2828
f 2275 2200 2083
f 3085 3116 3001
f 1961 2117 1998
f 1691 1701 1570
f 2117 2135 1998
f 2117 2297 2135
f 2990 3007 2947
f 1691 1859 1701
f 246 174 107
f 246 328 174
f 174 328 279
f 2222 2200 2284
f 2012 2014 2063
f 2229 2429 2235
f 3252 3332 3162
f 204 246 107
f 328 389 316
f 495 316 389
f 639 552 774
f 1931 1771 1796
f 1931 1899 1771
f 1931 2014 1899
f 389 328 246
f 2405 2338 2231
f 2240 2405 2231
f 1165 1533 1231
f 2566 2587 2426
f 204 306 246
f 279 328 316
f 246 306 389
f 3343 3302 3392
f 2405 2567 2338
f 2205 2310 2189
f 853 814 746
f 1755 1823 1437
f 2890 3085 3001
f 3024 3200 2881
f 2812 3084 2926
f 3167 3176 3159
f 1570 1595 1486
f 633 791 618
f 797 897 930
f 1744 1774 1683
f 2246 2305 2252
f 3203 3041 2970
f 2195 2210 2089
f 2570 2587 2675
f 2210 2288 2229
f 1956 1992 2018
f 1744 1784 1774
f 1992 1956 1951
f 2018 2195 2089
f 2229 2288 2321
f 2787 3053 2689
f 1229 1417 1300
f 2443 2587 2570
f 3307 3288 3327
f 2656 2649 2429
f 2231 2248 2223
f 2229 2235 2160
f 1859 1924 1813
f 3269 3281 3219
f 756 819 855
f 2858 3144 2901
f 1769 1859 1813
f 3144 3203 2901
f 1570 1701 1595
f 3163 3119 3159
f 2116 2210 2160
f 1533 1558 1231
f 2083 2060 1975
f 1831 1782 1919
f 3183 3235 3308
f 2094 2240 2179
f 1908 2010 1823
f 843 929 771
f 2030 2111 2145
f 2869 3051 3033
f 2145 2259 2291
f 2200 2222 2106
f 2132 2217 2120
f 3281 3269 3288
f 3016 3085 2890
f 2555 2482 2636
f 2018 2089 1962
f 3084 3116 3163
f 19 16 32
f 3001 3116 3084
f 2574 2671 2594
f 3253 3269 3237
f 2111 2259 2145
f 2259 2414 2291
f 3094 3204 3144
f 1923 1826 1692
f 2995 3203 2970
f 1771 1899 1859
f 1774 1738 1673
f 2675 2812 2711
f 2574 2594 2447
f 2023 2116 2046
f 2434 2532 2507
f 2570 2675 2589
f 2558 2715 2613
f 1931 2099 2014
f 2426 2443 2336
f 2099 2094 2014
f 814 853 906
f 3163 3159 3185
f 2099 2240 2094
f 2412 2405 2240
f 2223 2248 2220
f 2426 2336 2248
f 2412 2567 2405
f 1681 1769 1813
f 2481 2533 2633
f 2979 2854 2880
f 2044 2069 1893
f 2904 2890 2729
f 1595 1701 1535
f 2904 3016 2890
f 1800 1773 1889
f 2275 2255 2200
f 2812 2926 2711
f 2018 1962 1956
f 2567 2426 2338
f 2356 2535 2421
f 2340 2450 2233
f 2921 2854 2979
f 2259 2427 2414
f 2427 2597 2414
f 2701 2545 2597
f 1905 2023 2046
f 1184 1229 1300
f 3219 3204 3269
f 1621 1683 1568
f 1388 1549 1437
f 2427 2642 2597
f 987 1388 1117
f 2297 2406 2282
f 3084 3138 2926
f 965 929 843
f 1773 1714 1905
f 1606 1714 1773
f 1417 1606 1466
f 1300 1417 1466
f 1283 1293 929
f 965 1283 929
f 2406 2434 2310
f 1738 1774 1814
f 1621 1568 1293
f 2088 2195 2018
f 2427 2460 2642
f 1318 1455 1399
f 2497 2570 2589
f 2444 2412 2240
f 1082 1229 1184
f 2088 2018 1992
f 2597 2642 2835
f 2220 2248 2207
f 2744 2729 2567
f 2625 2744 2567
f 2443 2570 2497
f 3083 3078 3179
f 3084 3163 3138
f 3138 3163 3185
f 1800 1923 1692
f 771 866 690
f 3200 3221 3053
f 2744 2904 2729
f 2375 2460 2427
f 2460 2547 2642
f 3099 2862 2835
f 2360 2382 2468
f 2374 2656 2429
f 1769 1681 1701
f 883 853 791
f 2035 2042 1923
f 3053 3221 3118
f 2642 2885 2835
f 2310 2407 2289
f 1035 1144 954
f 814 906 950
f 1035 954 950
f 2310 2289 2189
f 1800 1692 1558
f 2375 2455 2460
f 2460 2455 2547
f 2885 3099 2835
f 341 325 396
f 2135 2282 2205
f 2374 2429 2229
f 1893 1908 1755
f 2336 2370 2276
f 1637 1802 1684
f 3183 3308 3298
f 2492 2746 2574
f 1681 1686 1621
f 1041 1165 967
f 2547 2732 2642
f 2642 2732 2885
f 2191 2356 2275
f 1888 1956 1897
f 3375 3406 3332
f 84 72 79
f 1568 1673 1454
f 967 1035 950
f 920 1009 897
f 2546 2455 2423
f 1347 1549 1388
f 954 987 887
f 2169 2195 2088
f 2911 3053 3118
f 2135 2205 1998
f 3401 3375 3366
f 2455 2643 2547
f 2547 2643 2732
f 2732 2915 2885
f 2235 2233 2042
f 1802 1637 1831
f 2210 2229 2160
f 1470 1504 1353
f 1826 2044 1893
f 1526 1369 1536
f 2120 2169 2086
f 1395 1584 1450
f 2455 2546 2643
f 2915 3091 2885
f 3210 3099 2885
f 3091 3210 2885
f 3210 3212 3099
f 2370 2461 2321
f 1558 1347 1144
f 1879 1796 1705
f 1879 1931 1796
f 1833 1802 1906
f 1802 1831 1906
f 2437 2435 2528
f 2233 2191 2069
f 2066 2246 2085
f 2482 2555 2464
f 2421 2492 2275
f 746 679 531
f 586 746 531
f 2776 2746 2492
f 2915 2732 2643
f 2024 2099 1931
f 3287 3324 3331
f 46 37 34
f 2546 2464 2555
f 2760 3017 2981
f 1919 1969 1831
f 2066 2165 2246
f 3283 3358 3318
f 746 814 679
f 2407 2420 2379
f 2407 2379 2289
f 2010 2191 2083
f 3329 3375 3332
f 3329 3332 3252
f 1842 1919 1782
f 2773 2915 2643
f 1031 1246 1082
f 2083 2200 2060
f 2835 2701 2597
f 3162 3295 3024
f 1906 1969 2053
f 2126 2227 2165
f 1905 2089 2023
f 2546 2623 2643
f 2643 2623 2773
f 2255 2447 2400
f 1571 1706 1625
f 3179 3181 3197
f 1831 1969 1906
f 2389 2305 2246
f 2381 2535 2356
f 2623 2546 2555
f 382 430 410
f 2773 3040 2915
f 2191 2275 2083
f 2015 2149 2151
f 1706 1842 1782
f 3037 3016 2874
f 1988 1957 2066
f 1906 2053 2041
f 2450 2658 2535
f 2636 2623 2555
f 2713 2773 2623
f 3040 3091 2915
f 3091 3160 3210
f 3160 3191 3210
f 3191 3246 3210
f 3210 3246 3274
f 2492 2447 2275
f 2746 2671 2574
f 756 814 819
f 3185 3199 3138
f 2444 2567 2412
f 2444 2625 2567
f 2053 2227 2126
f 2227 2398 2246
f 2165 2227 2246
f 2398 2389 2246
f 2149 2299 2151
f 819 814 855
f 814 950 855
f 2069 2191 2010
f 2713 3040 2773
f 1400 1283 1216
f 814 756 679
f 2874 2904 2744
f 1731 1706 1571
f 2904 2874 3016
f 1969 2050 2053
f 2050 2227 2053
f 2548 2452 2389
f 1755 1908 1823
f 2046 2160 2035
f 3297 3329 3252
f 3160 3091 3040
f 3283 3246 3191
f 2116 2089 2210
f 1706 1731 1842
f 1919 2050 1969
f 950 954 855
f 1216 1283 965
f 2160 2235 2035
f 2695 2713 2623
f 1877 1958 1865
f 2429 2448 2235
f 2461 2497 2589
f 3176 3185 3159
f 3308 3302 3343
f 1731 1930 1842
f 1842 1930 1919
f 1930 1989 1919
f 1919 1989 2050
f 2050 2164 2227
f 2227 2332 2398
f 2398 2548 2389
f 1293 1568 1246
f 1293 1031 929
f 1998 2073 1928
f 2370 2443 2497
f 2712 2713 2695
f 2712 2754 2713
f 3013 3040 2713
f 3182 3160 3040
f 3160 3182 3191
f 3182 3283 3191
f 3218 3190 2785
f 2461 2417 2321
f 2828 3001 2812
f 1731 1845 1930
f 2050 2096 2164
f 2164 2332 2227
f 2407 2483 2420
f 1773 1905 1889
f 2443 2370 2336
f 2754 3013 2713
f 3013 3182 3040
f 3251 3315 3182
f 3182 3315 3283
f 2665 2595 2659
f 2207 2248 2217
f 2248 2336 2217
f 1641 1845 1731
f 1930 2002 1989
f 2002 2096 2050
f 1989 2002 2050
f 2164 2258 2332
f 954 887 855
f 1686 1683 1621
f 687 614 603
f 3283 3315 3358
f 1493 1490 1373
f 1889 1905 2046
f 1564 1665 1610
f 2204 2297 2117
f 2136 2121 2034
f 1489 1552 1641
f 1552 1728 1641
f 1641 1728 1845
f 2258 2164 2096
f 2604 2548 2398
f 2042 2233 2044
f 2035 2235 2042
f 1965 1931 1879
f 3032 3013 2754
f 3251 3182 3013
f 1958 2034 2037
f 1399 1455 1564
f 1665 1785 1610
f 1965 2024 1931
f 1728 1885 1845
f 1845 1885 1930
f 1930 1973 2002
f 2155 2258 2096
f 2332 2488 2398
f 2488 2604 2398
f 2767 2744 2625
f 866 791 633
f 1018 1082 1184
f 1701 1681 1618
f 2726 3032 2754
f 3032 3251 3013
f 1701 1618 1535
f 1455 1665 1564
f 2180 2240 2099
f 2529 2564 2430
f 1728 1757 1885
f 1885 1973 1930
f 1973 2033 2002
f 2033 2155 2096
f 2002 2033 2096
f 2258 2367 2332
f 3295 3302 3221
f 2321 2417 2374
f 2322 2444 2240
f 1961 2007 2117
f 3251 3331 3315
f 1400 1618 1283
f 1404 1318 1256
f 1592 1455 1318
f 1592 1665 1455
f 1592 1793 1665
f 1793 1785 1665
f 3118 3183 3007
f 1552 1757 1728
f 2367 2488 2332
f 1749 1549 1347
f 3295 3200 3024
f 1533 1800 1558
f 1956 1962 1897
f 2519 2625 2444
f 3032 2726 2756
f 3190 3251 3032
f 3190 3287 3251
f 1627 1488 1491
f 2276 2210 2195
f 2276 2288 2210
f 774 926 1003
f 1197 1404 1256
f 1404 1592 1318
f 745 643 634
f 1488 1627 1552
f 1461 1488 1552
f 1552 1627 1757
f 2033 2156 2155
f 2660 2604 2488
f 2483 2500 2420
f 2269 2176 2218
f 1749 1893 1755
f 1794 1785 1865
f 2336 2276 2169
f 2785 3190 3032
f 3251 3287 3331
f 1414 1404 1197
f 1947 1877 1793
f 62 52 45
f 1757 1948 1885
f 1885 1948 1973
f 1948 2033 1973
f 2155 2367 2258
f 2740 2712 2695
f 1749 1755 1549
f 883 1018 967
f 866 883 791
f 2116 2160 2046
f 2634 2656 2374
f 2417 2634 2374
f 2747 2830 2658
f 992 1044 1011
f 1013 992 1011
f 1166 1414 1197
f 1947 1793 1592
f 1877 1947 1958
f 1627 1948 1757
f 2156 2367 2155
f 3159 3145 3167
f 2421 2776 2492
f 1082 1018 947
f 2042 2044 1826
f 2594 2565 2400
f 2447 2594 2400
f 791 853 746
f 1533 1466 1640
f 1414 1592 1404
f 2370 2288 2276
f 2435 2301 2326
f 1948 2004 2033
f 2004 2092 2033
f 2033 2092 2156
f 2092 2203 2156
f 2203 2314 2156
f 2314 2367 2156
f 2367 2516 2488
f 2660 2869 2795
f 3308 3235 3302
f 2233 2381 2191
f 12 21 11
f 2169 2276 2195
f 2024 2180 2099
f 2322 2240 2180
f 1866 1592 1414
f 1866 1947 1592
f 1947 2034 1958
f 1627 1792 1948
f 2516 2660 2488
f 641 588 545
f 1018 1041 967
f 690 866 633
f 3138 3094 2926
f 1102 1166 1094
f 1613 1414 1166
f 1792 1630 1753
f 2271 2360 2269
f 2370 2497 2461
f 3219 3203 3144
f 2821 3144 2858
f 1613 1166 1102
f 1792 1910 1948
f 2314 2516 2367
f 1328 1165 1041
f 2461 2589 2591
f 1034 1191 1102
f 1191 1469 1102
f 1469 1613 1102
f 1613 1866 1414
f 1699 1768 1822
f 2007 2204 2117
f 1910 2004 1948
f 2176 2092 2004
f 2087 2176 2004
f 2176 2203 2092
f 2660 2854 2869
f 1958 2037 2001
f 2365 2406 2297
f 1315 1318 1399
f 1044 1191 1034
f 2031 1947 1866
f 2031 2034 1947
f 2233 2069 2044
f 2701 2835 2862
f 2516 2639 2660
f 1328 1533 1165
f 2604 2660 2795
f 1734 1705 1638
f 1734 1879 1705
f 1430 1469 1191
f 1469 1658 1613
f 1917 1866 1613
f 1315 1256 1318
f 2269 2203 2176
f 2360 2314 2203
f 2269 2360 2203
f 2314 2599 2516
f 2599 2639 2516
f 2639 2854 2660
f 1962 2089 1905
f 1293 1246 1031
f 2010 2083 1975
f 2189 2180 2024
f 2189 2289 2180
f 2289 2322 2180
f 992 1143 1044
f 1143 1191 1044
f 1143 1430 1191
f 1658 1917 1613
f 3262 3274 3246
f 1910 2087 2004
f 2468 2314 2360
f 2591 2634 2417
f 2379 2444 2322
f 1917 2031 1866
f 3295 3221 3200
f 2124 2176 2087
f 17 11 21
f 2468 2599 2314
f 1533 1640 1800
f 3118 3221 3235
f 967 950 906
f 430 431 503
f 926 1079 992
f 1079 1143 992
f 2147 2031 1917
f 2147 2136 2031
f 2250 2326 2301
f 2377 2301 2435
f 2321 2374 2229
f 3116 3085 3119
f 966 1088 1106
f 2828 2675 2587
f 400 598 552
f 598 826 774
f 552 598 774
f 774 826 926
f 1430 1855 1469
f 1855 1658 1469
f 2147 2219 2136
f 2219 2326 2250
f 1775 1711 1795
f 1775 1733 1711
f 2576 2629 2528
f 2435 2576 2528
f 954 1347 987
f 2599 2714 2639
f 2714 2880 2639
f 2639 2880 2854
f 1165 1231 1035
f 1606 1673 1714
f 436 400 350
f 400 436 598
f 989 926 826
f 989 1079 926
f 1855 1917 1658
f 2048 2147 1917
f 2147 2326 2219
f 2121 2219 2187
f 3200 3053 2787
f 103 107 174
f 436 350 305
f 300 436 305
f 1337 1079 989
f 1337 1143 1079
f 1143 1539 1430
f 1539 1741 1430
f 1741 1855 1430
f 1943 1917 1855
f 1943 2048 1917
f 2355 2326 2147
f 2542 2435 2326
f 2542 2576 2435
f 2576 2741 2629
f 947 1031 1082
f 2590 2599 2468
f 2590 2714 2599
f 156 143 152
f 1830 1928 1734
f 886 598 436
f 886 826 598
f 886 989 826
f 1337 1539 1143
f 2355 2542 2326
f 2741 2917 2739
f 2104 2231 2148
f 2714 2782 2880
f 1893 2069 1908
f 2069 2010 1908
f 2381 2356 2191
f 853 883 906
f 1165 1035 967
f 2356 2421 2275
f 275 356 300
f 356 436 300
f 1334 1337 989
f 1855 1911 1943
f 2134 2147 2048
f 2542 2843 2576
f 2843 2741 2576
f 2741 2843 2917
f 2481 2590 2468
f 1889 2035 1923
f 1923 2042 1826
f 662 886 436
f 1585 1741 1539
f 1971 1943 1911
f 2013 2048 1943
f 1971 2013 1943
f 2242 2147 2134
f 2242 2355 2147
f 2542 2882 2843
f 2481 2633 2590
f 883 967 906
f 1800 1889 1923
f 1640 1773 1800
f 2566 2828 2587
f 299 356 275
f 662 436 356
f 1137 989 886
f 1137 1334 989
f 1585 1539 1337
f 1736 1741 1585
f 1736 1799 1741
f 1851 1855 1741
f 1799 1851 1741
f 1902 1911 1855
f 1851 1902 1855
f 1902 1971 1911
f 2113 2134 2048
f 2113 2188 2134
f 2188 2242 2134
f 2439 2355 2242
f 1413 1488 1340
f 2590 2633 2714
f 1491 1630 1627
f 1928 1879 1734
f 1928 1965 1879
f 662 908 886
f 908 1137 886
f 1323 1334 1137
f 1334 1585 1337
f 1890 1902 1851
f 2167 2188 2113
f 2387 2439 2242
f 2439 2542 2355
f 2882 2917 2843
f 2305 2452 2357
f 2633 2691 2714
f 2691 2761 2782
f 2714 2691 2782
f 2782 2761 2918
f 805 908 662
f 805 964 908
f 964 1137 908
f 964 1108 1137
f 1108 1323 1137
f 1323 1537 1334
f 1537 1585 1334
f 1537 1736 1585
f 1799 1857 1851
f 1857 1890 1851
f 2216 2188 2167
f 2188 2216 2242
f 3044 2917 2882
f 325 341 303
f 2608 2691 2633
f 2761 2960 2918
f 618 791 586
f 2508 2519 2444
f 613 356 299
f 613 662 356
f 613 805 662
f 805 1006 964
f 1006 1108 964
f 1799 1817 1857
f 2317 2242 2216
f 2317 2387 2242
f 2439 2688 2542
f 2688 2882 2542
f 3044 3158 2917
f 2218 2271 2269
f 2379 2508 2444
f 20 12 6
f 1951 1956 1888
f 3138 3199 3094
f 2761 2872 2960
f 3176 3199 3185
f 2204 2277 2297
f 715 805 613
f 903 1006 805
f 1249 1108 1006
f 1249 1323 1108
f 1722 1736 1537
f 1817 1799 1736
f 1817 1864 1857
f 3093 3044 2882
f 3093 3169 3044
f 3169 3158 3044
f 2001 2037 2121
f 3199 3204 3094
f 1871 1910 1792
f 3406 3388 3338
f 575 613 299
f 321 575 299
f 842 903 805
f 715 842 805
f 1817 1867 1864
f 2583 2439 2387
f 2688 3093 2882
f 866 1031 947
f 3331 3358 3315
f 2683 2801 2691
f 2801 2761 2691
f 2801 2872 2761
f 771 1031 866
f 1035 1231 1144
f 3202 3158 3169
f 395 575 321
f 1087 1249 1006
f 1668 1537 1476
f 1668 1722 1537
f 1722 1817 1736
f 2583 2688 2439
f 84 89 105
f 3357 3366 3327
f 1231 1558 1144
f 2340 2685 2450
f 670 613 575
f 670 715 613
f 715 772 842
f 1087 903 842
f 1087 1006 903
f 1452 1249 1087
f 1817 1862 1867
f 2466 2387 2317
f 2466 2583 2387
f 2583 2692 2688
f 3197 3169 3093
f 1638 1705 1565
f 2801 2824 2872
f 1826 1893 1749
f 518 441 400
f 1928 1995 1965
f 1995 2024 1965
f 852 1087 842
f 1450 1452 1087
f 1862 1722 1668
f 1862 1817 1722
f 2409 2466 2317
f 2692 3093 2688
f 1995 2189 2024
f 2205 2189 2073
f 2824 2933 2872
f 421 575 395
f 715 670 772
f 852 842 772
f 1450 1626 1452
f 1535 1618 1400
f 3366 3375 3329
f 2217 2336 2169
f 2289 2379 2322
f 2379 2420 2508
f 614 670 575
f 670 775 772
f 775 852 772
f 2495 2466 2409
f 3083 3093 2692
f 2370 2321 2288
f 3203 3297 3252
f 1347 1692 1749
f 791 746 586
f 1618 1681 1621
f 1899 1924 1859
f 421 614 575
f 1752 1912 1862
f 1912 1935 1862
f 2654 2466 2495
f 2654 2583 2466
f 2887 3083 2692
f 3179 3093 3083
f 2413 2291 2414
f 1738 1714 1673
f 1229 1454 1417
f 1961 1998 1830
f 1450 1601 1626
f 2454 2495 2409
f 2887 2692 2583
f 2282 2406 2310
f 2448 2685 2340
f 1877 1785 1793
f 3406 3375 3401
f 3203 3252 3041
f 2310 2434 2407
f 670 776 775
f 835 852 775
f 835 1021 852
f 1021 1087 852
f 3078 3083 2887
f 1897 1905 1714
f 1618 1621 1293
f 3051 2869 2921
f 1144 1347 954
f 2448 2340 2235
f 1897 1962 1905
f 2235 2340 2233
f 603 614 421
f 614 687 670
f 670 687 776
f 835 775 776
f 1395 1087 1021
f 1395 1450 1087
f 2454 2409 2364
f 2384 2454 2364
f 2454 2654 2495
f 2654 2887 2583
f 3274 3212 3210
f 2450 2381 2233
f 2010 1975 1823
f 451 603 421
f 1138 1395 1021
f 1978 1912 1752
f 1978 2015 1990
f 1912 1978 1990
f 2015 2054 1990
f 2432 2454 2384
f 2393 2432 2384
f 2432 2621 2454
f 2621 2654 2454
f 2627 2528 2739
f 1744 1683 1686
f 1924 1899 2012
f 2207 2217 2132
f 1744 1686 1707
f 2086 2088 1992
f 2132 2120 2086
f 2132 2086 1992
f 1707 1681 1813
f 2148 2231 2223
f 1813 1924 2012
f 1707 1813 2012
f 2063 2104 2148
f 1707 2012 2063
f 1707 2063 2148
f 1707 2148 2223
f 1707 2223 2220
f 1707 2220 2207
f 1707 2207 2132
f 1707 2132 1992
f 1707 1992 1951
f 1707 1951 1888
f 1707 1888 1814
f 1784 1744 1707
f 1784 1707 1814
f 2087 1910 1959
f 2124 2087 1959
f 2059 2138 2184
f 2184 2218 2176
f 2184 2176 2124
f 2184 2124 1959
f 2059 2184 1959
f 1966 2059 1959
f 1626 1601 1789
f 1752 1862 1668
f 1476 1537 1323
f 2060 2106 2067
f 1476 1323 1249
f 1903 2060 2067
f 1903 2067 1944
f 1789 1903 1944
f 1789 1944 1752
f 1626 1789 1752
f 1626 1752 1668
f 1626 1668 1476
f 1476 1249 1452
f 1626 1476 1452
f 3041 3252 3162
f 2694 2649 2656
f 2787 2689 2618
f 2830 2747 2685
f 2711 2926 2774
f 2830 2685 2694
f 2591 2589 2675
f 2591 2675 2711
f 2618 2565 2594
f 2787 2618 2594
f 2901 2995 2970
f 2634 2591 2711
f 2787 2594 2671
f 2634 2711 2774
f 2634 2774 2821
f 2881 2787 2671
f 3024 2881 2671
f 3041 3162 3062
f 2970 3041 3062
f 2656 2634 2821
f 2694 2656 2821
f 2694 2821 2858
f 2694 2858 2901
f 2694 2901 2970
f 2694 2970 3062
f 3024 2671 2746
f 3024 2746 2776
f 3062 3024 2776
f 3062 2776 2830
f 3062 2830 2694
f 1867 1862 1935
f 2409 2317 2216
f 1935 1912 1990
f 2364 2409 2216
f 2151 2299 2306
f 2054 2015 2151
f 2306 2393 2384
f 2151 2306 2384
f 2113 2048 2013
f 1971 1902 1890
f 1890 1857 1864
f 2013 1971 1890
f 2113 2013 1890
f 2113 1890 1864
f 2364 2216 2167
f 1990 2054 2151
f 1990 2151 2384
f 1935 1990 2384
f 1867 1935 2384
f 1867 2384 2364
f 1867 2364 2167
f 1867 2167 2113
f 1867 2113 1864
